date,open,high,low,close,volume,adjusted
2004-01-30,50.669998,50.720001,50.650002,50.650002,6800,35.671059
2004-02-02,50.68,50.68,50.68,50.68,200,35.692184
2004-02-03,50.68,50.68,50.68,50.68,0,35.692184
2004-02-04,50.900002,51.380001,50.900002,51.380001,3000,36.185177
2004-02-05,51.310001,51.490002,51.310001,51.490002,600,36.262634
2004-02-06,51.77,51.919998,51.77,51.919998,2600,36.565464
2004-02-09,51.939999,52.080002,51.939999,52.07,4800,36.67112
2004-02-10,52.009998,52.200001,52.009998,52.200001,400,36.762669
2004-02-11,52.18,52.18,52.060001,52.060001,6100,36.664066
2004-02-12,52.240002,52.27,52.200001,52.27,1500,36.81197
2004-02-13,52.34,52.360001,52.09,52.09,1600,36.685196
2004-02-17,52.459999,52.470001,52.459999,52.470001,700,36.952812
2004-02-18,52.490002,52.52,52.43,52.43,1400,36.924648
2004-02-19,52.509998,52.93,52.509998,52.779999,4200,37.171139
2004-02-20,52.810001,53.009998,52.790001,52.950001,3800,37.290867
2004-02-23,52.970001,53.27,52.970001,53.27,1600,37.516228
2004-02-24,53.130001,53.220001,52.75,52.75,3500,37.150005
2004-02-25,52.889999,53.09,52.889999,53.09,2800,37.389462
2004-02-26,52.970001,53.240002,52.970001,53.240002,3400,37.495106
2004-02-27,53.220001,53.549999,53.220001,53.549999,2300,37.713428
2004-03-01,53.5,53.98,53.450001,53.98,4900,38.016262
2004-03-02,53.900002,53.900002,53.549999,53.549999,3900,37.713428
2004-03-03,53.459999,53.669998,53.459999,53.669998,1700,37.797924
2004-03-04,53.700001,53.700001,53.5,53.599998,2500,37.748642
2004-03-05,53.48,53.759998,53.439999,53.68,1300,37.804981
2004-03-08,53.709999,53.91,53.689999,53.689999,4000,37.812019
2004-03-09,53.470001,53.700001,53.439999,53.68,3500,37.804981
2004-03-10,53.759998,54.099998,53.549999,53.57,3000,37.727516
2004-03-11,53.439999,53.439999,52.619999,52.619999,5700,37.058464
2004-03-12,52.619999,52.619999,52.16,52.540001,4600,37.002113
2004-03-15,52.580002,52.580002,52,52,3500,36.621811
2004-03-16,52.32,52.32,51.950001,51.950001,8100,36.586601
2004-03-17,52.369999,52.709999,52.369999,52.709999,1400,37.121845
2004-03-18,52.650002,52.689999,52.360001,52.630001,3100,37.065502
2004-03-19,52.5,52.5,52.5,52.5,100,36.973938
2004-03-22,51.68,51.919998,51.68,51.919998,1500,36.565464
2004-03-23,51.759998,51.970001,51.740002,51.900002,3000,36.551388
2004-03-24,51.790001,51.880001,51.580002,51.580002,2100,36.326027
2004-03-25,52.110001,52.450001,52.040001,52.450001,3200,36.938725
2004-03-26,52.349998,52.48,52.220001,52.220001,2200,36.776749
2004-03-29,52.400002,52.880001,52.400002,52.73,2600,37.135921
2004-03-30,52.830002,53.02,52.830002,53.02,1500,37.340168
2004-03-31,53.009998,53.220001,53.009998,53.220001,3100,37.481018
2004-04-01,53.150002,53.23,53.139999,53.16,4700,37.438766
2004-04-02,53.580002,53.580002,53.139999,53.150002,5100,37.431717
2004-04-05,53.25,53.43,53.25,53.43,1300,37.62891
2004-04-06,53.279999,53.59,53.279999,53.59,600,37.741596
2004-04-07,53.490002,53.490002,53.490002,53.490002,200,37.671173
2004-04-08,53.25,53.259998,53.25,53.259998,200,37.509174
2004-04-12,53.52,53.52,53.439999,53.439999,1200,37.635948
2004-04-13,53.599998,53.599998,53,53,1100,37.326084
2004-04-14,52.919998,52.919998,52.919998,52.919998,300,37.269741
2004-04-15,53.400002,53.459999,53.360001,53.450001,1600,37.643002
2004-04-16,53.709999,53.77,53.709999,53.77,5100,37.868366
2004-04-19,53.650002,53.950001,53.650002,53.93,3500,37.981049
2004-04-20,54.02,54.110001,54.02,54.110001,400,38.107815
2004-04-21,53.52,53.73,53.52,53.700001,2200,37.819069
2004-04-22,53.580002,54.16,53.580002,54.16,2200,38.143024
2004-04-23,53.959999,54.299999,53.959999,54.25,1700,38.206406
2004-04-26,54.32,54.450001,54.279999,54.279999,1500,38.227535
2004-04-27,54.279999,54.580002,54.27,54.330002,2700,38.26276
2004-04-28,54.25,54.25,53.700001,53.779999,2800,37.875404
2004-04-29,53.970001,53.970001,53.869999,53.869999,1900,37.938793
2004-04-30,54.169998,54.299999,53.98,54.130001,1400,38.121899
2004-05-03,54.099998,54.360001,54.099998,54.299999,6100,38.241619
2004-05-04,54.07,54.099998,54.060001,54.099998,600,38.100769
2004-05-05,54.240002,54.310001,54.220001,54.310001,1500,38.248669
2004-05-06,54.07,54.07,53.880001,53.990002,1100,38.023293
2004-05-07,54.07,54.07,53.639999,53.68,2000,37.804981
2004-05-10,53.450001,53.450001,53.150002,53.16,3200,37.438766
2004-05-11,53.16,53.16,52.939999,53.02,28900,37.340168
2004-05-12,52.860001,52.860001,52.150002,52.779999,44400,37.171139
2004-05-13,52.720001,52.720001,52.549999,52.549999,1100,37.009163
2004-05-14,52.310001,52.82,52.310001,52.82,4800,37.19931
2004-05-17,52.540001,52.57,52.389999,52.529999,1700,36.995075
2004-05-18,52.599998,52.759998,52.599998,52.75,2100,37.150005
2004-05-19,52.869999,52.880001,52.57,52.599998,7900,37.044373
2004-05-20,52.400002,52.580002,52.400002,52.580002,500,37.030293
2004-05-21,52.779999,52.889999,52.5,52.57,22000,37.023247
2004-05-24,52.799999,52.799999,52.150002,52.150002,700,36.727455
2004-05-25,52.52,52.52,52.52,52.52,100,36.988037
2004-05-26,53.009998,53.150002,52.91,53.130001,1500,37.417641
2004-05-27,53.709999,53.709999,53.540001,53.610001,3200,37.755676
2004-05-28,53.720001,53.720001,53.459999,53.549999,1300,37.713428
2004-06-01,53.400002,53.490002,53.380001,53.380001,1400,37.593704
2004-06-02,53.73,53.93,53.639999,53.93,2500,37.981049
2004-06-03,53.970001,54.200001,53.849998,53.849998,22900,37.924706
2004-06-04,54.049999,54.099998,53.869999,53.919998,22800,37.973999
2004-06-07,54.009998,54.349998,54.009998,54.349998,3400,38.276848
2004-06-08,54.299999,54.560001,54.299999,54.560001,2400,38.424732
2004-06-09,54.650002,54.650002,54.389999,54.389999,5400,38.304993
2004-06-10,54.389999,54.389999,54.299999,54.34,2700,38.269791
2004-06-14,54.09,54.27,54.09,54.119999,3800,38.114857
2004-06-15,54.43,54.43,54.34,54.34,400,38.269791
2004-06-16,54.380001,54.439999,54.360001,54.439999,2000,38.340218
2004-06-17,54.080002,54.290001,54.080002,54.290001,600,38.234585
2004-06-18,54.139999,54.369999,54.040001,54.040001,5100,38.058514
2004-06-21,54.369999,54.380001,54.27,54.380001,2200,38.297966
2004-06-22,54,54.41,53.990002,54.41,800,38.319088
2004-06-23,54.41,54.41,54.41,54.41,0,38.319088
2004-06-24,54.470001,54.470001,54.240002,54.240002,8400,38.199368
2004-06-25,54.25,54.25,54.139999,54.139999,1200,38.128944
2004-06-28,54.16,54.330002,53.950001,53.950001,3700,37.995144
2004-06-29,53.990002,54.139999,53.990002,53.990002,3000,38.023293
2004-06-30,54.139999,54.16,54.080002,54.16,3600,38.143024
2004-07-01,54.189999,54.189999,53.720001,53.869999,8700,37.938793
2004-07-02,53.84,54.080002,53.66,53.700001,3600,37.819069
2004-07-06,53.549999,53.709999,53.549999,53.669998,3100,37.797924
2004-07-07,53.810001,53.869999,53.720001,53.740002,3500,37.84724
2004-07-08,53.610001,53.970001,53.610001,53.669998,2800,37.797924
2004-07-09,53.830002,53.830002,53.669998,53.810001,2500,37.89653
2004-07-12,53.950001,53.950001,53.560001,53.560001,3600,37.720459
2004-07-13,53.799999,53.900002,53.799999,53.889999,1500,37.952885
2004-07-14,54.07,54.07,53.82,53.82,1600,37.903584
2004-07-15,53.82,53.82,53.68,53.68,1700,37.804981
2004-07-16,53.779999,53.779999,53.52,53.560001,2900,37.720459
2004-07-19,53.650002,53.650002,53.360001,53.439999,6300,37.635948
2004-07-20,53.400002,53.52,53.400002,53.439999,4900,37.635948
2004-07-21,53.389999,53.389999,52.919998,52.919998,10600,37.269741
2004-07-22,52.279999,52.330002,52.23,52.23,1600,36.783794
2004-07-23,51.959999,52.16,51.630001,51.720001,10900,36.424618
2004-07-26,51.560001,51.560001,51.419998,51.549999,1700,36.30489
2004-07-27,51.75,51.939999,51.75,51.889999,2200,36.544338
2004-07-28,51.709999,51.77,51.310001,51.77,3200,36.459835
2004-07-29,51.799999,51.799999,51.200001,51.330002,4900,36.149952
2004-07-30,51.150002,51.369999,51.150002,51.209999,3500,36.065441
2004-08-02,51.450001,51.900002,51.450001,51.889999,8200,36.544338
2004-08-03,51.669998,51.830002,51.669998,51.830002,400,36.502098
2004-08-04,51.5,51.59,51.5,51.59,300,36.333061
2004-08-05,51.650002,51.650002,51.299999,51.299999,1400,36.128826
2004-08-06,50.639999,50.93,50.549999,50.599998,4800,35.63583
2004-08-09,50.639999,50.740002,50.639999,50.689999,1500,35.699215
2004-08-10,50.82,50.900002,50.82,50.900002,1400,35.847122
2004-08-11,51.029999,51.509998,51.029999,51.41,1700,36.206287
2004-08-12,51.66,51.66,51.41,51.41,1800,36.206287
2004-08-13,51.400002,51.5,51.209999,51.330002,2200,36.149952
2004-08-16,51.330002,51.75,51.330002,51.639999,2200,36.368275
2004-08-17,51.900002,51.98,51.700001,51.799999,6900,36.480953
2004-08-18,51.91,52.09,51.91,52.09,500,36.685196
2004-08-19,51.990002,52.049999,51.799999,51.950001,3100,36.586601
2004-08-20,51.990002,52.049999,51.990002,52.049999,600,36.657028
2004-08-23,52.23,52.23,52.18,52.18,700,36.748569
2004-08-24,52.290001,52.290001,52.09,52.139999,2000,36.720409
2004-08-25,52.41,52.41,52.360001,52.360001,500,36.875343
2004-08-26,52.450001,52.48,52.450001,52.48,700,36.959854
2004-08-27,52.48,52.48,52.48,52.48,0,36.959854
2004-08-30,52.369999,52.380001,52.139999,52.139999,1300,36.720409
2004-08-31,52.240002,52.240002,51.93,52.200001,900,36.762669
2004-09-01,52.299999,52.389999,52.23,52.330002,10600,36.854221
2004-09-02,52.529999,52.790001,52.529999,52.790001,1100,37.178181
2004-09-03,53,53.209999,53,53.209999,1100,37.473972
2004-09-07,53.119999,53.25,53.099998,53.099998,2000,37.3965
2004-09-08,52.689999,52.720001,52.650002,52.650002,900,37.079594
2004-09-09,52.630001,52.630001,52.34,52.369999,10100,36.882381
2004-09-10,52.220001,52.330002,52.220001,52.330002,2500,36.854221
2004-09-13,52.599998,52.650002,52.439999,52.470001,6900,36.952812
2004-09-14,52.459999,52.610001,52.459999,52.560001,5900,37.016197
2004-09-15,52.07,52.139999,52.07,52.139999,300,36.720409
2004-09-16,52.07,52.099998,51.790001,51.790001,1900,36.473919
2004-09-17,51.830002,52.060001,51.830002,52.049999,800,36.657028
2004-09-20,51.5,51.5,51.09,51.16,2200,36.030235
2004-09-21,51.16,51.16,50.860001,50.880001,1900,35.833042
2004-09-22,50.84,50.84,50.529999,50.540001,3100,35.593586
2004-09-23,50.549999,50.59,50.549999,50.59,2900,35.628796
2004-09-24,50.59,50.59,50.59,50.59,800,35.628796
2004-09-27,50.59,50.59,50.59,50.59,0,35.628796
2004-09-28,50.439999,50.52,50.439999,50.52,1500,35.579506
2004-09-29,50.599998,50.599998,50.400002,50.400002,200,35.494984
2004-09-30,50.959999,50.98,50.880001,50.939999,2800,35.875294
2004-10-01,51.259998,51.599998,51.259998,51.459999,500,36.241512
2004-10-04,51.580002,51.650002,51.540001,51.560001,2900,36.311939
2004-10-05,51.380001,51.459999,51.299999,51.299999,4800,36.128826
2004-10-06,51.43,51.439999,51.310001,51.419998,5700,36.213326
2004-10-07,51.490002,51.650002,51.360001,51.360001,4900,36.171078
2004-10-08,50.900002,51.009998,50.669998,50.700001,12200,35.706272
2004-10-11,50.759998,50.759998,50.759998,50.759998,800,35.748516
2004-10-12,50.759998,50.759998,50.549999,50.73,1100,35.72739
2004-10-13,50.48,50.48,50.48,50.48,100,35.551323
2004-10-14,50.34,50.369999,50.34,50.369999,300,35.473858
2004-10-15,50.400002,50.799999,50.400002,50.799999,4600,35.776688
2004-10-18,50.599998,50.799999,50.599998,50.799999,1500,35.776688
2004-10-19,50.849998,50.849998,50.849998,50.849998,200,35.811901
2004-10-20,50.57,50.599998,50.41,50.549999,2500,35.600628
2004-10-21,50.549999,50.810001,50.549999,50.599998,4000,35.63583
2004-10-22,50.77,50.77,50.52,50.599998,2800,35.63583
2004-10-25,50.450001,50.450001,49.950001,50.110001,3400,35.290749
2004-10-26,49.900002,50.330002,49.900002,50.330002,1100,35.445698
2004-10-27,50.41,51.060001,50.41,51.060001,2200,35.959808
2004-10-28,51.049999,51.439999,51.049999,51.43,3900,36.220379
2004-10-29,51.220001,51.380001,51.150002,51.349998,5000,36.16404
2004-11-01,51.299999,51.299999,51.16,51.169998,4300,36.03727
2004-11-02,51.529999,51.82,51.529999,51.790001,4500,36.473919
2004-11-03,52.099998,52.099998,51.970001,52.029999,4100,36.642937
2004-11-04,52.240002,53.5,52.23,53.5,2800,37.678207
2004-11-05,53.619999,53.759998,53.529999,53.66,10600,37.79089
2004-11-08,53.5,53.66,53.48,53.66,1800,37.79089
2004-11-09,53.650002,53.66,53.389999,53.66,4600,37.79089
2004-11-10,53.669998,53.77,53.630001,53.720001,1800,37.833145
2004-11-11,53.75,54.150002,53.75,54.150002,2700,38.135983
2004-11-12,53.990002,54.41,53.990002,54.41,5100,38.319088
2004-11-15,54.220001,54.450001,54.220001,54.360001,9600,38.283878
2004-11-16,54.299999,54.299999,54.099998,54.110001,2400,38.107815
2004-11-17,54.200001,54.540001,54.200001,54.279999,4200,38.227535
2004-11-18,54.5,54.560001,54.330002,54.330002,5400,38.26276
2004-11-19,54.259998,54.259998,53.759998,53.759998,3300,37.861324
2004-11-22,53.82,54.009998,53.68,54.009998,1100,38.03738
2004-11-23,53.849998,53.919998,53.639999,53.830002,1200,37.910614
2004-11-24,54.009998,54.099998,53.959999,53.98,1200,38.016262
2004-11-26,53.900002,54.16,53.900002,54.09,1700,38.093727
2004-11-29,53.810001,53.889999,53.52,53.720001,2900,37.833145
2004-11-30,53.43,53.509998,53.34,53.41,4700,37.61483
2004-12-01,53.77,53.77,53.77,53.77,200,37.868366
2004-12-02,53.950001,54.509998,53.889999,54.380001,1800,38.297966
2004-12-03,54.540001,54.630001,54.419998,54.419998,1600,38.326141
2004-12-06,54.09,54.150002,54.009998,54.060001,2800,38.072605
2004-12-07,54.049999,54.049999,53.790001,53.959999,3100,38.002171
2004-12-08,53.66,53.950001,53.650002,53.950001,3900,37.995144
2004-12-09,53.860001,54.560001,53.860001,54.560001,700,38.424732
2004-12-10,54.529999,54.77,54.41,54.720001,2800,38.537407
2004-12-13,54.689999,54.790001,54.580002,54.790001,600,38.586712
2004-12-14,54.98,55.369999,54.98,55.32,700,38.959965
2004-12-15,55.32,55.330002,54.990002,55.330002,2800,38.967022
2004-12-16,55.09,55.349998,55.080002,55.189999,42600,38.868423
2004-12-17,55.07,55.220001,54.669998,54.919998,21700,38.678265
2004-12-20,55.049999,55.049999,54.73,54.73,1400,38.54446
2004-12-21,54.970001,55.259998,54.889999,55.259998,2700,38.917713
2004-12-22,54.25,54.419998,54.23,54.419998,2300,39.100216
2004-12-23,54.5,54.5,54.18,54.330002,3100,39.035561
2004-12-27,54.5,54.5,54.25,54.330002,1500,39.035561
2004-12-28,54.400002,54.549999,54.380001,54.52,5400,39.17207
2004-12-29,54.52,54.52,54.400002,54.5,2100,39.157688
2004-12-30,54.619999,54.73,54.610001,54.720001,2400,39.315765
2004-12-31,54.650002,54.650002,54.48,54.57,1600,39.207985
2005-01-03,54.720001,54.810001,54.189999,54.189999,5200,38.934963
2005-01-04,54.34,54.380001,53.900002,53.900002,1000,38.726593
2005-01-05,54.009998,54.130001,53.869999,53.900002,3800,38.726593
2005-01-06,53.75,53.98,53.75,53.98,2200,38.784081
2005-01-07,54.130001,54.470001,53.98,54.360001,46700,39.057114
2005-01-10,54.380001,54.919998,54.380001,54.720001,12800,39.315765
2005-01-11,54.630001,54.66,54.400002,54.529999,9400,39.179245
2005-01-12,54.299999,54.57,54.25,54.57,2800,39.207985
2005-01-13,54.490002,54.560001,54.470001,54.490002,600,39.150505
2005-01-14,54.400002,54.709999,54.349998,54.709999,10500,39.308571
2005-01-18,54.529999,55.290001,54.400002,55.290001,10000,39.725296
2005-01-19,55.32,55.470001,55.32,55.349998,3400,39.768402
2005-01-20,55.259998,55.259998,54.990002,54.990002,5500,39.509754
2005-01-21,55.150002,55.189999,54.610001,54.709999,11600,39.308571
2005-01-24,54.75,54.799999,54.470001,54.470001,7700,39.136135
2005-01-25,54.619999,54.799999,54.619999,54.630001,10400,39.251099
2005-01-26,54.709999,54.82,54.549999,54.68,3700,39.287018
2005-01-27,54.450001,54.98,54.450001,54.970001,3200,39.49538
2005-01-28,54.82,55.110001,54.68,55.099998,58600,39.588795
2005-01-31,55.369999,55.389999,55.07,55.200001,14200,39.660629
2005-02-01,55.110001,55.330002,55.009998,55.330002,19700,39.754047
2005-02-02,55.380001,55.759998,55.380001,55.759998,8500,40.062992
2005-02-03,55.73,55.73,55.549999,55.650002,5400,39.983959
2005-02-04,55.619999,56.119999,55.619999,56.119999,2900,40.321648
2005-02-07,56.200001,56.240002,56.009998,56.099998,6600,40.307278
2005-02-08,56,56.049999,55.959999,56.049999,4000,40.271347
2005-02-09,55.950001,55.950001,55.450001,55.5,5000,39.876183
2005-02-10,55.720001,55.73,55.470001,55.73,8700,40.041439
2005-02-11,55.57,55.93,55.43,55.84,6500,40.120476
2005-02-14,55.880001,55.970001,55.799999,55.950001,3300,40.199501
2005-02-15,55.880001,56.07,55.880001,56.029999,8700,40.256989
2005-02-16,56.040001,56.220001,55.939999,56.060001,10100,40.278542
2005-02-17,56.02,56.02,55.700001,55.720001,4700,40.034252
2005-02-18,55.59,55.73,55.560001,55.599998,4700,39.948032
2005-02-22,55.689999,55.689999,54.73,54.73,4800,39.322952
2005-02-23,54.900002,55.080002,54.66,55.009998,3800,39.524128
2005-02-24,54.950001,55.380001,54.799999,55.27,9200,39.71093
2005-02-25,55.290001,55.549999,55.18,55.5,3300,39.876183
2005-02-28,55.549999,55.689999,55.34,55.5,4700,39.876183
2005-03-01,55.669998,56,55.669998,56,5100,40.235428
2005-03-02,55.66,56.02,55.66,55.950001,3600,40.199501
2005-03-03,56.09,56.150002,55.849998,56.029999,6000,40.256989
2005-03-04,56.110001,56.360001,56.110001,56.330002,2500,40.472542
2005-03-07,56.299999,56.299999,56.049999,56.139999,7900,40.336014
2005-03-08,56.150002,56.150002,55.900002,55.93,3800,40.185139
2005-03-09,55.669998,55.740002,55.400002,55.5,3200,39.876183
2005-03-10,55.599998,55.790001,55.5,55.540001,3000,39.904926
2005-03-11,55.580002,55.720001,55.259998,55.330002,1600,39.754047
2005-03-14,55.439999,55.48,55.400002,55.459999,2200,39.847439
2005-03-15,55.509998,55.580002,55.25,55.25,2400,39.69656
2005-03-16,55.200001,55.200001,54.830002,54.830002,4800,39.394798
2005-03-17,54.889999,55.139999,54.860001,55.029999,1900,39.53849
2005-03-18,55.099998,55.099998,54.860001,54.889999,1300,39.437908
2005-03-21,54.98,54.98,54.580002,54.720001,7500,39.315765
2005-03-22,54.740002,54.849998,54.459999,54.459999,5600,39.128956
2005-03-23,54.439999,54.790001,54.389999,54.68,9800,39.287018
2005-03-24,54.689999,54.860001,54.650002,54.650002,13200,39.265465
2005-03-28,54.75,54.990002,54.709999,54.919998,9400,39.459461
2005-03-29,54.66,55,54.619999,54.619999,4600,39.243912
2005-03-30,54.900002,55.41,54.900002,55.41,14900,39.81152
2005-03-31,55.25,55.290001,55.139999,55.200001,10500,39.660629
2005-04-01,55.299999,55.299999,54.48,54.759998,24000,39.344498
2005-04-04,54.799999,54.990002,54.630001,54.990002,4700,39.509754
2005-04-05,55,55.27,55,55.259998,1100,39.703735
2005-04-06,55.400002,55.400002,55.110001,55.110001,6800,39.595963
2005-04-07,55.130001,55.5,55.060001,55.470001,4200,39.854626
2005-04-08,55.610001,55.630001,55.380001,55.43,5200,39.82589
2005-04-11,55.490002,55.540001,55.400002,55.419998,3800,39.818699
2005-04-12,55.400002,55.779999,55.02,55.700001,6600,40.019882
2005-04-13,55.650002,55.759998,55.299999,55.43,9800,39.82589
2005-04-14,55.52,55.610001,55.349998,55.349998,7000,39.768402
2005-04-15,55.279999,55.32,54.740002,54.779999,8000,39.358875
2005-04-18,54.779999,54.82,54.43,54.529999,3100,39.179245
2005-04-19,54.59,54.720001,54.299999,54.700001,14100,39.301392
2005-04-20,54.619999,54.669998,53.830002,53.830002,6700,38.676304
2005-04-21,54.439999,54.799999,54.279999,54.759998,45300,39.344498
2005-04-22,54.529999,54.610001,54.16,54.16,4000,38.913403
2005-04-25,54.349998,54.759998,54.349998,54.75,3900,39.337311
2005-04-26,54.529999,54.779999,54.490002,54.490002,3000,39.150505
2005-04-27,53.990002,54.650002,53.990002,54.529999,36700,39.179245
2005-04-28,54.529999,54.759998,54.259998,54.259998,3400,38.985252
2005-04-29,54.360001,54.529999,53.939999,54.529999,7200,39.179245
2005-05-02,54.580002,54.959999,54.580002,54.959999,185000,39.488194
2005-05-03,54.75,55.279999,54.75,55.099998,2100,39.588795
2005-05-04,55.220001,55.709999,55.220001,55.630001,51500,39.969589
2005-05-05,55.57,55.57,55.049999,55.540001,2900,39.904926
2005-05-06,55.720001,55.720001,55.299999,55.299999,3700,39.732483
2005-05-09,55.299999,55.630001,55.299999,55.549999,4100,39.912098
2005-05-10,55.369999,55.48,55.099998,55.299999,5500,39.732483
2005-05-11,55.400002,55.57,55,55.549999,40700,39.912098
2005-05-12,55.549999,55.59,55.200001,55.330002,9000,39.754047
2005-05-13,55.200001,55.240002,54.52,54.849998,6400,39.409172
2005-05-16,54.900002,55.439999,54.889999,55.439999,6200,39.833076
2005-05-17,55.259998,55.669998,55.23,55.669998,6400,39.998322
2005-05-18,56.02,56.349998,55.810001,56.299999,9600,40.450977
2005-05-19,56.32,56.48,56.16,56.48,5100,40.580303
2005-05-20,56.509998,56.639999,56.240002,56.630001,14300,40.688068
2005-05-23,56.560001,56.82,56.349998,56.549999,5700,40.630592
2005-05-24,56.549999,56.619999,56.240002,56.580002,5600,40.652153
2005-05-25,56.470001,56.5,56.049999,56.360001,9800,40.494087
2005-05-26,56.43,56.529999,56.349998,56.43,5600,40.54438
2005-05-27,56.369999,56.400002,56.23,56.330002,54200,40.472542
2005-05-31,56.099998,56.200001,55.990002,56.07,5700,40.285717
2005-06-01,55.919998,56.580002,55.919998,56.240002,3800,40.407871
2005-06-02,56.209999,56.669998,56.209999,56.669998,8100,40.71682
2005-06-03,56.52,56.540001,55.919998,56.18,10100,40.364754
2005-06-06,56.16,56.290001,55.880001,56.130001,7500,40.328827
2005-06-07,56.380001,56.669998,56.299999,56.57,5100,40.644966
2005-06-08,56.610001,56.650002,56.130001,56.25,7300,40.415058
2005-06-09,56.150002,56.459999,56.110001,56.34,12700,40.479713
2005-06-10,56.400002,56.439999,55.900002,56.169998,7200,40.357563
2005-06-13,56.200001,56.509998,55.970001,56.27,12800,40.42942
2005-06-14,56.259998,56.450001,56.150002,56.34,4700,40.479713
2005-06-15,56.419998,56.419998,55.939999,56.41,21900,40.53001
2005-06-16,56.25,56.459999,56.220001,56.41,5000,40.53001
2005-06-17,56.610001,56.650002,56.330002,56.450001,4800,40.558754
2005-06-20,56.299999,56.5,56.029999,56.5,4200,40.594673
2005-06-21,56.5,56.5,56.209999,56.369999,6800,40.501263
2005-06-22,56.549999,56.549999,56.209999,56.27,9300,40.42942
2005-06-23,56.34,56.380001,55.599998,55.82,8600,40.106106
2005-06-24,55.650002,55.669998,55.200001,55.240002,19600,39.689377
2005-06-27,55.18,55.240002,55,55.200001,11900,39.660629
2005-06-28,55.5,55.77,55.48,55.720001,6300,40.034252
2005-06-29,55.779999,55.860001,55.450001,55.450001,14600,39.840263
2005-06-30,55.599998,55.689999,55.150002,55.150002,5700,39.624714
2005-07-01,55.32,55.529999,55.220001,55.360001,8700,39.775593
2005-07-05,55.400002,55.810001,55.400002,55.669998,6000,39.998322
2005-07-06,55.650002,55.650002,55.200001,55.25,25100,39.69656
2005-07-07,55,55.259998,54.849998,55.259998,4300,39.703735
2005-07-08,55.049999,55.740002,55.049999,55.740002,9700,40.04863
2005-07-11,55.779999,56.169998,55.779999,56.119999,34900,40.321648
2005-07-12,56.299999,56.439999,56.150002,56.369999,3800,40.501263
2005-07-13,56.369999,56.450001,56.27,56.41,3700,40.53001
2005-07-14,56.619999,56.779999,56.59,56.779999,2800,40.795849
2005-07-15,56.700001,56.700001,56.610001,56.689999,3200,40.731194
2005-07-18,56.560001,56.68,56.509998,56.599998,4000,40.666527
2005-07-19,56.599998,56.599998,56.310001,56.43,34700,40.54438
2005-07-20,56.220001,56.529999,56.07,56.529999,8100,40.616222
2005-07-21,56.599998,56.599998,56.25,56.299999,5600,40.450977
2005-07-22,56.360001,56.630001,56.290001,56.610001,5100,40.67371
2005-07-25,56.540001,56.540001,56.290001,56.349998,6700,40.4869
2005-07-26,56.5,56.709999,56.41,56.610001,37300,40.67371
2005-07-27,56.66,56.73,56.459999,56.66,22200,40.709637
2005-07-28,56.740002,57.18,56.740002,57.130001,6800,41.047325
2005-07-29,57.130001,57.200001,56.959999,56.959999,3900,40.925171
2005-08-01,56.959999,56.959999,56.669998,56.669998,1700,40.71682
2005-08-02,56.799999,56.93,56.799999,56.880001,6100,40.867691
2005-08-03,56.830002,56.91,56.66,56.91,6600,40.889259
2005-08-04,56.880001,56.880001,56.439999,56.48,2100,40.580303
2005-08-05,56.330002,56.330002,56.02,56.029999,2900,40.256989
2005-08-08,56.049999,56.18,55.849998,55.919998,5300,40.17794
2005-08-09,56.080002,56.099998,55.91,56.049999,5400,40.271347
2005-08-10,56.240002,56.48,55.860001,55.950001,2800,40.199501
2005-08-11,55.900002,56.169998,55.790001,55.98,2500,40.221058
2005-08-12,56.080002,56.080002,55.689999,55.880001,5200,40.149208
2005-08-15,55.950001,56.23,55.77,56.130001,5700,40.328827
2005-08-16,56.240002,56.240002,55.630001,55.650002,5600,39.983959
2005-08-17,55.650002,55.709999,55.540001,55.599998,3700,39.948032
2005-08-18,55.68,56.310001,55.68,56.09,3700,40.300102
2005-08-19,56.360001,56.360001,56.139999,56.189999,4900,40.371944
2005-08-22,56.380001,56.580002,56.130001,56.259998,12500,40.42223
2005-08-23,56.259998,56.299999,56.119999,56.169998,6100,40.357563
2005-08-24,56.18,56.189999,55.549999,55.549999,6100,39.912098
2005-08-25,55.889999,55.889999,55.639999,55.810001,1400,40.098919
2005-08-26,55.799999,55.799999,55.599998,55.599998,1700,39.948032
2005-08-29,55.630001,56.080002,55.439999,56.02,8800,40.249802
2005-08-30,55.720001,55.720001,55.330002,55.689999,17600,40.012707
2005-08-31,55.709999,55.82,55.5,55.82,7200,40.106106
2005-09-01,55.970001,56.27,55.939999,56.040001,8400,40.264172
2005-09-02,56.18,56.299999,55.970001,56.07,3100,40.285717
2005-09-06,56.32,56.529999,56.310001,56.509998,6300,40.601856
2005-09-07,56.43,56.66,56.27,56.599998,6900,40.666527
2005-09-08,56.439999,56.540001,56.27,56.349998,33900,40.4869
2005-09-09,56.490002,56.830002,56.490002,56.619999,6500,40.680897
2005-09-12,56.619999,56.799999,56.52,56.740002,4100,40.767113
2005-09-13,56.779999,56.779999,56.150002,56.150002,7500,40.343201
2005-09-14,56.259998,56.259998,55.849998,55.849998,2500,40.127659
2005-09-15,56.060001,56.139999,55.880001,56.119999,3200,40.321648
2005-09-16,56.299999,56.5,56.23,56.380001,10200,40.508453
2005-09-19,56.200001,56.27,55.900002,56.02,7300,40.249802
2005-09-20,56.099998,56.139999,55.540001,55.669998,5500,39.998322
2005-09-21,55.16,55.16,54.82,54.82,10700,39.387611
2005-09-22,54.75,55.189999,54.57,54.919998,7600,39.459461
2005-09-23,55.119999,55.310001,54.990002,55.299999,2400,39.732483
2005-09-26,55.310001,55.580002,55.02,55.259998,6800,39.703735
2005-09-27,55.32,55.82,55.32,55.700001,6500,40.019882
2005-09-28,55.779999,56.07,55.68,55.82,42700,40.106106
2005-09-29,55.82,56.25,55.669998,56.25,6200,40.415058
2005-09-30,56.130001,56.57,56.060001,56.57,8000,40.644966
2005-10-03,56.700001,56.799999,56.5,56.599998,18500,40.666527
2005-10-04,56.549999,56.779999,56.290001,56.419998,14500,40.537193
2005-10-05,56.349998,56.349998,55.779999,55.880001,11700,40.149208
2005-10-06,55.950001,55.950001,55.209999,55.57,65100,39.926472
2005-10-07,55.75,55.75,55.34,55.529999,4000,39.897743
2005-10-10,55.599998,55.650002,55.25,55.360001,7800,39.775593
2005-10-11,55.360001,55.48,55.25,55.25,2000,39.69656
2005-10-12,55.279999,55.330002,54.799999,54.959999,16600,39.488194
2005-10-13,54.779999,54.900002,54.68,54.849998,16600,39.409172
2005-10-14,54.900002,55.310001,54.790001,55.290001,6200,39.725296
2005-10-17,55.290001,55.790001,55.130001,55.709999,19700,40.027069
2005-10-18,55.740002,55.740002,55.41,55.43,15900,39.82589
2005-10-19,55.169998,55.990002,55.150002,55.990002,6500,40.228241
2005-10-20,56,56.220001,55.380001,55.470001,14800,39.854626
2005-10-21,55.639999,55.639999,55.330002,55.400002,8500,39.804337
2005-10-24,55.599998,55.950001,55.599998,55.91,3600,40.170761
2005-10-25,55.830002,55.830002,55.299999,55.669998,15300,39.998322
2005-10-26,55.73,55.959999,55.400002,55.41,4800,39.81152
2005-10-27,55.099998,55.139999,54.77,54.77,5800,39.351688
2005-10-28,55.27,55.75,55.200001,55.740002,9600,40.04863
2005-10-31,55.959999,56.27,55.959999,56.09,8500,40.300102
2005-11-01,56.09,56.09,55.720001,55.759998,29900,40.062992
2005-11-02,55.759998,56.02,55.720001,56.02,3300,40.249802
2005-11-03,56.220001,56.389999,56.060001,56.060001,4000,40.278542
2005-11-04,56.049999,56.130001,55.82,55.959999,7800,40.20668
2005-11-07,56.080002,56.200001,56.029999,56.150002,10500,40.343201
2005-11-08,56.049999,56.049999,55.959999,56.029999,3400,40.256989
2005-11-09,56,56.27,56,56.200001,6700,40.379124
2005-11-10,56.259998,56.759998,56.09,56.73,16400,40.759933
2005-11-11,56.689999,56.759998,56.630001,56.75,2100,40.774292
2005-11-14,56.720001,56.779999,56.490002,56.509998,46800,40.601856
2005-11-15,56.599998,56.599998,56.110001,56.220001,9200,40.393494
2005-11-16,56.279999,56.279999,56.080002,56.259998,3400,40.42223
2005-11-17,56.299999,56.41,56.18,56.380001,22600,40.508453
2005-11-18,56.41,56.48,56.23,56.470001,7200,40.57312
2005-11-21,56.400002,56.700001,56.400002,56.700001,7800,40.738377
2005-11-22,56.799999,57.02,56.740002,56.939999,10000,40.910812
2005-11-23,56.990002,57.299999,56.919998,57.09,24700,41.018585
2005-11-25,57.220001,57.34,57.169998,57.279999,3100,41.15509
2005-11-28,57.349998,57.349998,56.970001,56.98,5800,40.939545
2005-11-29,57.23,57.25,56.950001,56.950001,6900,40.917984
2005-11-30,57.200001,57.200001,56.5,56.5,6100,40.594673
2005-12-01,56.880001,57.16,56.759998,57.02,4100,40.968292
2005-12-02,56.900002,57.080002,56.869999,57,15500,40.953922
2005-12-05,56.849998,56.91,56.75,56.869999,10700,40.860508
2005-12-06,56.740002,57.080002,56.740002,56.830002,11800,40.831783
2005-12-07,56.700001,56.849998,56.529999,56.560001,4200,40.637787
2005-12-08,56.619999,56.93,56.5,56.529999,1600,40.616222
2005-12-09,56.66,56.759998,56.540001,56.700001,6000,40.738377
2005-12-12,56.849998,57.029999,56.759998,56.77,9300,40.78867
2005-12-13,56.950001,57.459999,56.950001,57.34,6500,41.198215
2005-12-14,57.549999,57.919998,57.549999,57.799999,6900,41.528706
2005-12-15,57.610001,57.810001,57.59,57.779999,7100,41.514347
2005-12-16,57.700001,58.150002,57.700001,57.799999,7300,41.528706
2005-12-19,57.759998,57.869999,57.52,57.610001,9300,41.392204
2005-12-20,57.509998,57.540001,57.209999,57.209999,8900,41.104805
2005-12-21,57.540001,57.599998,57.400002,57.549999,9700,41.349087
2005-12-22,56.84,56.869999,56.630001,56.860001,11400,41.35854
2005-12-23,56.799999,56.900002,56.75,56.759998,27600,41.285805
2005-12-27,56.900002,56.93,56.349998,56.349998,17500,40.987583
2005-12-28,56.470001,56.610001,56.400002,56.540001,8200,41.125786
2005-12-29,56.619999,56.619999,56.349998,56.349998,7800,40.987583
2005-12-30,56.32,56.32,55.93,55.93,9400,40.682087
2006-01-03,56.099998,56.299999,55.619999,56.150002,27800,40.842106
2006-01-04,56.290001,56.509998,56.290001,56.48,109000,41.082142
2006-01-05,56.400002,56.459999,56.189999,56.189999,7600,40.871204
2006-01-06,56.330002,56.450001,56.029999,56.360001,5500,40.994858
2006-01-09,56.439999,56.720001,56.360001,56.689999,9400,41.23489
2006-01-10,56.419998,56.59,56.369999,56.459999,46200,41.0676
2006-01-11,56.630001,56.630001,56.41,56.610001,4100,41.176697
2006-01-12,56.549999,56.549999,56.32,56.419998,16900,41.038494
2006-01-13,56.57,56.57,56.32,56.389999,5700,41.016678
2006-01-17,56.02,56.27,56.02,56.119999,17500,40.82029
2006-01-18,56.110001,56.470001,56.110001,56.310001,7900,40.958485
2006-01-19,56.48,56.560001,56.200001,56.439999,7700,41.053047
2006-01-20,56.32,56.32,55.689999,55.779999,14400,40.572975
2006-01-23,55.799999,55.970001,55.799999,55.91,75900,40.667545
2006-01-24,55.950001,56.139999,55.849998,56.060001,11600,40.776646
2006-01-25,56.09,56.110001,55.880001,56,40100,40.733002
2006-01-26,56.25,56.43,56.099998,56.220001,64500,40.893024
2006-01-27,56.220001,56.630001,56.220001,56.619999,10000,41.183971
2006-01-30,56.740002,56.75,56.389999,56.450001,7600,41.060322
2006-01-31,56.400002,56.43,56.200001,56.200001,12100,40.878479
2006-02-01,56.27,56.48,56.049999,56.419998,8900,41.038494
2006-02-02,56.48,56.599998,56.18,56.259998,10500,40.922119
2006-02-03,56.200001,56.240002,55.959999,55.990002,6200,40.725727
2006-02-06,56.09,56.119999,55.799999,55.990002,9100,40.725727
2006-02-07,55.84,56,55.599998,55.599998,5200,40.442051
2006-02-08,55.75,55.990002,55.68,55.970001,11800,40.711185
2006-02-09,55.950001,56.130001,55.939999,55.990002,6200,40.725727
2006-02-10,55.970001,56.080002,55.650002,56.02,19900,40.747551
2006-02-13,55.880001,55.880001,55.630001,55.73,16800,40.53661
2006-02-14,55.869999,56.459999,55.849998,56.400002,92800,41.023956
2006-02-15,56.299999,56.759998,56.27,56.759998,7700,41.285805
2006-02-16,56.799999,57.220001,56.720001,57.220001,10700,41.620399
2006-02-17,57.200001,57.200001,56.939999,57.049999,20500,41.49675
2006-02-21,57.049999,57.119999,56.889999,56.93,11100,41.409477
2006-02-22,56.970001,57.380001,56.970001,57.259998,21000,41.649494
2006-02-23,57.23,57.560001,57.150002,57.299999,10200,41.678596
2006-02-24,57.25,57.299999,57.060001,57.18,4900,41.591293
2006-02-27,57.25,57.610001,57.25,57.459999,3400,41.794971
2006-02-28,57.259998,57.32,56.77,56.779999,30100,41.300343
2006-03-01,57,57.139999,56.900002,56.950001,5300,41.424015
2006-03-02,56.950001,56.970001,56.700001,56.93,16200,41.409477
2006-03-03,56.790001,57.23,56.790001,56.939999,6700,41.416733
2006-03-06,57.049999,57.049999,56.630001,56.700001,12700,41.242161
2006-03-07,56.880001,57.02,56.82,56.970001,6800,41.438557
2006-03-08,56.959999,57.610001,56.959999,57.52,4200,41.838619
2006-03-09,57.470001,57.849998,57.470001,57.57,10400,41.874981
2006-03-10,57.799999,58.07,57.799999,58.029999,14300,42.209568
2006-03-13,58.099998,58.330002,58,58.049999,9400,42.22414
2006-03-14,57.849998,58.169998,57.779999,58.169998,11300,42.311405
2006-03-15,58.169998,58.169998,57.84,57.970001,6800,42.165939
2006-03-16,58.110001,58.110001,57.880001,58.09,7000,42.253223
2006-03-17,58.18,58.27,57.990002,58.139999,12300,42.289581
2006-03-20,58.259998,58.369999,58.07,58.349998,33600,42.442337
2006-03-21,58.279999,58.490002,58.02,58.080002,38100,42.245953
2006-03-22,58.189999,58.369999,58.009998,58.369999,3100,42.456875
2006-03-23,58.419998,58.419998,58.099998,58.099998,13500,42.26049
2006-03-24,58.18,58.220001,57.939999,58.119999,14700,42.275036
2006-03-27,58.119999,58.169998,57.950001,57.950001,10100,42.151379
2006-03-28,57.939999,57.950001,57.509998,57.509998,13400,41.831348
2006-03-29,57.549999,57.959999,57.509998,57.959999,5100,42.158649
2006-03-30,57.919998,58.009998,57.509998,57.650002,11000,41.933163
2006-03-31,57.740002,57.77,57.419998,57.450001,8000,41.787693
2006-04-03,57.650002,57.849998,57.52,57.560001,7700,41.867706
2006-04-04,57.599998,57.709999,57.5,57.630001,8800,41.918621
2006-04-05,57.619999,57.75,57.5,57.650002,10300,41.933163
2006-04-06,57.650002,57.66,57.380001,57.490002,9400,41.816792
2006-04-07,57.619999,57.700001,56.98,56.98,11600,41.445827
2006-04-10,57.18,57.18,56.950001,56.950001,2600,41.424015
2006-04-11,57.099998,57.099998,56.41,56.439999,9100,41.053047
2006-04-12,56.66,56.700001,56.490002,56.700001,7700,41.242161
2006-04-13,56.700001,56.740002,56.490002,56.57,4200,41.147606
2006-04-17,56.619999,56.619999,56.209999,56.209999,5900,40.88575
2006-04-18,56.349998,56.880001,56.349998,56.779999,5700,41.300343
2006-04-19,56.869999,56.950001,56.740002,56.939999,17500,41.416733
2006-04-20,56.939999,57.220001,56.93,56.93,6300,41.409477
2006-04-21,57,57.32,56.799999,56.98,4400,41.445827
2006-04-24,56.98,57.259998,56.919998,57.200001,8800,41.605854
2006-04-25,57.150002,57.41,57.130001,57.200001,8100,41.605854
2006-04-26,57.200001,57.77,57.200001,57.720001,10000,41.984089
2006-04-27,57.57,58.040001,57.48,57.75,143200,42.005909
2006-04-28,57.68,57.939999,57.599998,57.860001,23000,42.085915
2006-05-01,57.900002,58.279999,57.830002,57.900002,11400,42.115013
2006-05-02,57.900002,58.259998,57.790001,58.259998,8700,42.376873
2006-05-03,57.790001,57.959999,57.529999,57.919998,15000,42.129555
2006-05-04,57.970001,58.119999,57.889999,57.939999,6300,42.144096
2006-05-05,58.040001,58.66,58.040001,58.549999,8000,42.587811
2006-05-08,58.619999,58.889999,58.549999,58.860001,8900,42.813301
2006-05-09,58.950001,58.990002,58.860001,58.950001,15100,42.878765
2006-05-10,58.98,58.98,58.68,58.869999,15700,42.820568
2006-05-11,58.540001,58.540001,58.119999,58.150002,22700,42.296856
2006-05-12,58.139999,58.169998,57.610001,57.619999,15200,41.911346
2006-05-15,57.509998,58.23,57.509998,58.23,14800,42.355045
2006-05-16,58.25,58.52,58.200001,58.369999,24200,42.456875
2006-05-17,58.119999,58.259998,57.669998,57.73,32800,41.991356
2006-05-18,57.880001,57.939999,57.450001,57.470001,12600,41.80225
2006-05-19,57.48,57.599998,57.209999,57.52,27200,41.838619
2006-05-22,57.34,57.790001,57.34,57.669998,21300,41.947712
2006-05-23,58.029999,58.049999,57.610001,57.650002,8900,41.933163
2006-05-24,57.709999,58.16,57.59,58.009998,14200,42.195026
2006-05-25,58.130001,58.619999,58.130001,58.619999,99600,42.638714
2006-05-26,58.700001,58.740002,58.509998,58.740002,23400,42.726013
2006-05-30,58.330002,58.330002,57.799999,57.849998,34800,42.078644
2006-05-31,57.950001,58.139999,57.830002,58.119999,15800,42.275036
2006-06-01,58.169998,58.470001,58.07,58.470001,16500,42.529621
2006-06-02,58.5,58.540001,58.060001,58.389999,13100,42.471424
2006-06-05,58.119999,58.169998,57.48,57.5,21600,41.82407
2006-06-06,57.419998,57.560001,57.110001,57.560001,12700,41.867706
2006-06-07,57.669998,58.16,57.470001,57.549999,22700,41.86042
2006-06-08,57.650002,57.77,57.09,57.73,16500,41.991356
2006-06-09,57.849998,57.970001,57.610001,57.720001,6100,41.984089
2006-06-12,57.700001,57.84,57.259998,57.32,10500,41.693142
2006-06-13,57.220001,57.450001,56.93,56.98,28700,41.445827
2006-06-14,56.93,57.18,56.84,57.18,19300,41.591293
2006-06-15,57.290001,57.720001,57.169998,57.709999,33400,41.976814
2006-06-16,57.779999,57.889999,57.669998,57.779999,20000,42.027733
2006-06-19,57.950001,58.02,57.400002,57.459999,11200,41.794971
2006-06-20,57.599998,58.02,57.599998,57.889999,11600,42.107738
2006-06-21,57.860001,58.259998,57.860001,58.16,20600,42.304138
2006-06-22,58.080002,58.110001,57.880001,58.110001,8600,42.267769
2006-06-23,57.860001,58.240002,57.860001,57.900002,10000,42.115013
2006-06-26,58.029999,58.209999,57.849998,58.209999,9300,42.340496
2006-06-27,58.220001,58.220001,57.77,57.860001,15000,42.085915
2006-06-28,57.900002,58.080002,57.860001,58.080002,10600,42.245953
2006-06-29,58.23,59.119999,58.23,59.119999,15900,43.002411
2006-06-30,59.150002,59.200001,58.91,58.91,12500,42.849663
2006-07-03,58.98,59.18,58.919998,59.18,9100,43.046051
2006-07-05,59,59,58.59,58.75,50900,42.73328
2006-07-06,58.75,59.580002,58.75,59.32,46900,43.147888
2006-07-07,59.099998,59.400002,59.049999,59.209999,5800,43.067886
2006-07-10,59.380001,59.77,59.380001,59.599998,7200,43.351559
2006-07-11,59.66,59.959999,59.41,59.860001,65600,43.540672
2006-07-12,59.919998,59.919998,59.5,59.509998,12700,43.286087
2006-07-13,59.200001,59.200001,58.779999,58.889999,9300,42.83511
2006-07-14,58.689999,58.700001,58.130001,58.360001,49900,42.449604
2006-07-17,58.360001,58.540001,58.18,58.419998,14200,42.493248
2006-07-18,58.5,58.689999,58.080002,58.689999,14500,42.689632
2006-07-19,58.900002,59.48,58.900002,59.419998,18400,43.220623
2006-07-20,59.540001,59.650002,59.380001,59.380001,15000,43.191532
2006-07-21,59.41,59.41,59.110001,59.110001,10600,42.995136
2006-07-24,59.209999,59.700001,59.209999,59.630001,24100,43.373367
2006-07-25,59.470001,60.099998,59.470001,59.98,12200,43.627956
2006-07-26,59.889999,59.91,59.610001,59.779999,17600,43.482479
2006-07-27,59.98,59.98,59.389999,59.439999,20100,43.235157
2006-07-28,59.689999,60.040001,59.689999,59.98,12400,43.627956
2006-07-31,59.950001,59.950001,59.709999,59.75,49200,43.460663
2006-08-01,59.599998,59.599998,59.240002,59.389999,13900,43.198811
2006-08-02,59.860001,59.990002,59.709999,59.91,12400,43.577034
2006-08-03,59.82,60.18,59.82,60.049999,38400,43.678879
2006-08-04,60.380001,60.380001,59.860001,60.060001,33200,43.686146
2006-08-07,59.900002,59.93,59.779999,59.900002,8900,43.569771
2006-08-08,60.150002,60.200001,59.959999,60.07,21600,43.693413
2006-08-09,60.220001,60.279999,59.709999,59.740002,25200,43.453377
2006-08-10,59.810001,60.389999,59.810001,60.310001,328300,43.867989
2006-08-11,60.27,60.27,60,60.200001,14300,43.787971
2006-08-14,60.509998,60.860001,60.330002,60.400002,19400,43.933453
2006-08-15,60.810001,60.82,60.630001,60.779999,27800,44.209854
2006-08-16,60.889999,60.889999,60.580002,60.84,24800,44.253506
2006-08-17,60.799999,61,60.759998,60.82,24800,44.238949
2006-08-18,61.07,61.09,60.759998,61.09,30800,44.435345
2006-08-21,61.130001,61.279999,61.060001,61.139999,29700,44.47171
2006-08-22,61.119999,61.27,61.049999,61.119999,18300,44.457161
2006-08-23,61.150002,61.200001,60.889999,61.029999,26800,44.391697
2006-08-24,61.200001,61.240002,61.060001,61.220001,28200,44.529903
2006-08-25,61.040001,61.259998,61.040001,61.220001,46600,44.529903
2006-08-28,61.220001,61.68,61.220001,61.580002,20500,44.791752
2006-08-29,61.669998,61.880001,61.580002,61.869999,27700,45.002697
2006-08-30,61.91,62.060001,61.84,61.990002,23000,45.089977
2006-08-31,62.009998,62.060001,61.900002,62,20300,45.097248
2006-09-01,62.07,62.369999,62.07,62.299999,32100,45.31546
2006-09-05,62.27,62.27,62.07,62.130001,41300,45.191811
2006-09-06,62.080002,62.080002,61.900002,61.959999,12000,45.068153
2006-09-07,61.900002,62.040001,61.669998,61.720001,26800,44.893585
2006-09-08,61.919998,62.07,61.790001,62.060001,14800,45.1409
2006-09-11,62.060001,62.43,61.959999,62.400002,27000,45.388191
2006-09-12,62.52,62.639999,62.34,62.529999,46300,45.482761000000004
2006-09-13,62.48,62.529999,62.16,62.299999,66100,45.31546
2006-09-14,62.240002,62.57,62.110001,62.459999,20700,45.43185
2006-09-15,62.700001,62.790001,62.400002,62.619999,30700,45.548222
2006-09-18,62.490002,62.68,62.220001,62.310001,32700,45.322742
2006-09-19,62.41,62.5,62.25,62.490002,21600,45.453671
2006-09-20,62.740002,62.98,62.650002,62.900002,52100,45.751892
2006-09-21,62.860001,62.880001,62.18,62.360001,23100,45.359104
2006-09-22,62.32,62.32,62.09,62.310001,27600,45.322742
2006-09-25,62.060001,62.279999,61.68,62.040001,45400,45.12635
2006-09-26,61.869999,62.27,61.759998,62.23,30200,45.264542
2006-09-27,62.23,62.630001,62.189999,62.540001,29700,45.490032
2006-09-28,62.599998,62.630001,62.130001,62.389999,25100,45.380928
2006-09-29,62.43,62.43,62.119999,62.119999,25800,45.184536
2006-10-02,62.029999,62.029999,61.68,61.759998,81600,44.92268
2006-10-03,61.77,61.98,61.610001,61.790001,60500,44.944508
2006-10-04,61.68,62.470001,61.509998,62.470001,26400,45.439106
2006-10-05,62.400002,62.450001,62.16,62.41,34700,45.395473
2006-10-06,62.27,62.27,61.849998,62.099998,19800,45.169991
2006-10-09,62.049999,62.189999,61.889999,62.18,9500,45.228188
2006-10-10,62.400002,62.400002,61.799999,61.990002,48800,45.089977
2006-10-11,61.880001,62.200001,61.84,62.09,17700,45.162716
2006-10-12,62.34,62.400002,62.139999,62.34,25400,45.344563
2006-10-13,62.23,62.23,61.919998,62.169998,25700,45.220905
2006-10-16,62.07,62.34,62,62.32,28800,45.330017
2006-10-17,62.040001,62.25,61.880001,62.130001,13000,45.191811
2006-10-18,62.400002,62.549999,62.259998,62.5,23900,45.460934
2006-10-19,62.459999,62.59,62.369999,62.5,11400,45.460934
2006-10-20,62.610001,62.77,62.459999,62.77,16400,45.657333
2006-10-23,62.66,63.369999,62.66,63.209999,15000,45.977379
2006-10-24,63.040001,63.139999,62.880001,63.099998,41300,45.897373
2006-10-25,63.080002,63.540001,63.080002,63.48,15900,46.173763
2006-10-26,63.459999,63.82,63.41,63.759998,24200,46.377434
2006-10-27,63.619999,63.720001,63.470001,63.5,11300,46.188313
2006-10-30,63.349998,63.459999,63.23,63.369999,12300,46.093746
2006-10-31,63.5,63.5,63.18,63.360001,7200,46.086487
2006-11-01,63.330002,63.330002,62.77,62.849998,20400,45.715527
2006-11-02,62.75,62.82,62.549999,62.709999,30300,45.613697
2006-11-03,62.68,62.790001,62.220001,62.41,13900,45.395473
2006-11-06,62.509998,62.77,62.450001,62.669998,24600,45.584595
2006-11-07,62.709999,62.959999,62.709999,62.759998,21000,45.650055
2006-11-08,62.779999,63.200001,62.779999,63.02,70200,45.839176
2006-11-09,62.91,63.029999,62.59,62.720001,25600,45.620968
2006-11-10,62.709999,62.849998,62.580002,62.759998,15200,45.650055
2006-11-13,62.73,62.849998,62.5,62.599998,25300,45.533676
2006-11-14,62.75,63.02,62.52,62.990002,105200,45.81736
2006-11-15,63,63.389999,63,63.209999,27300,45.977379
2006-11-16,63.389999,63.599998,63.27,63.509998,22100,46.195591
2006-11-17,63.509998,63.549999,63.330002,63.549999,18900,46.224678
2006-11-20,63.560001,63.73,63.459999,63.490002,30200,46.181034
2006-11-21,63.540001,63.540001,63.34,63.349998,14500,46.079205
2006-11-22,63.369999,63.580002,63.279999,63.57,24800,46.239239
2006-11-24,63.349998,63.509998,63.330002,63.41,11200,46.122845
2006-11-27,63.060001,63.09,62.509998,62.509998,27800,45.468216
2006-11-28,62.560001,62.900002,62.400002,62.869999,20600,45.730068
2006-11-29,62.919998,63.330002,62.860001,63.310001,33900,46.050114
2006-11-30,63.200001,63.380001,62.919998,63.209999,184400,45.977379
2006-12-01,63.09,63.139999,62.599998,62.93,21900,45.77372
2006-12-04,63.18,63.900002,63.18,63.830002,15600,46.428345
2006-12-05,63.830002,64.290001,63.830002,64.199997,28700,46.697468
2006-12-06,64.309998,64.389999,64.120003,64.290001,9700,46.762936
2006-12-07,64.540001,64.620003,64.199997,64.230003,21000,46.719303
2006-12-08,64.169998,64.480003,64.169998,64.349998,12800,46.806583
2006-12-11,64.379997,64.489998,64.209999,64.309998,12800,46.777493
2006-12-12,64.339996,64.489998,64.169998,64.440002,13000,46.87204
2006-12-13,64.629997,64.629997,64.220001,64.339996,16100,46.799313
2006-12-14,64.449997,64.690002,64.449997,64.57,17100,46.966602
2006-12-15,64.699997,64.919998,64.660004,64.699997,12800,47.061165
2006-12-18,63.68,63.84,63.59,63.650002,55400,46.99472
2006-12-19,63.400002,63.75,63.400002,63.68,10100,47.016869
2006-12-20,63.700001,63.77,63.619999,63.700001,21900,47.031639
2006-12-21,63.880001,63.91,63.68,63.759998,12900,47.075928
2006-12-22,63.84,63.84,63.57,63.669998,24700,47.009487
2006-12-26,63.75,63.93,63.619999,63.93,14900,47.201447
2006-12-27,64.07,64.18,64,64.18,16400,47.386032
2006-12-28,64.169998,64.260002,64.059998,64.190002,14600,47.393421
2006-12-29,64.099998,64.230003,63.799999,63.84,9200,47.134998
2007-01-03,64.169998,64.470001,63.959999,64.169998,140300,47.378643
2007-01-04,64.120003,64.32,63.860001,64.300003,16700,47.474628
2007-01-05,64.080002,64.080002,63.68,63.75,46400,47.068562
2007-01-08,63.73,64,63.529999,63.959999,51200,47.223595
2007-01-09,64.160004,64.160004,63.77,63.970001,42300,47.230991
2007-01-10,64,64.400002,63.860001,64.389999,54600,47.541073
2007-01-11,64.580002,64.970001,64.440002,64.839996,52700,47.873322
2007-01-12,64.720001,64.910004,64.669998,64.809998,24400,47.851181
2007-01-16,65,65,64.709999,64.93,28700,47.939781
2007-01-17,64.980003,65.139999,64.839996,64.879997,61200,47.902859
2007-01-18,64.949997,65.059998,64.82,64.93,43100,47.939781
2007-01-19,64.93,65.089996,64.809998,65.080002,18400,48.050526
2007-01-22,64.93,65.019997,64.75,64.870003,34700,47.89547
2007-01-23,64.910004,65.239998,64.82,65.019997,26300,48.006229
2007-01-24,65.169998,65.269997,65.019997,65.269997,39000,48.190815
2007-01-25,65.230003,65.230003,64.760002,64.760002,26400,47.814278
2007-01-26,64.919998,64.93,64.599998,64.839996,45700,47.873322
2007-01-29,65,65.220001,64.860001,64.919998,30500,47.932396
2007-01-30,64.790001,65.010002,64.790001,64.959999,21400,47.961922
2007-01-31,64.879997,65.339996,64.879997,65.239998,21800,48.168652
2007-02-01,65.459999,65.699997,65.309998,65.699997,32000,48.508289
2007-02-02,65.690002,65.75,65.5,65.610001,18800,48.441845
2007-02-05,65.410004,65.529999,65.360001,65.410004,23200,48.294182
2007-02-06,65.589996,65.589996,65.279999,65.400002,21100,48.286789
2007-02-07,65.449997,65.449997,65.199997,65.32,16600,48.227722
2007-02-08,65.169998,65.169998,65,65.120003,29300,48.08007
2007-02-09,65.269997,65.349998,64.849998,64.949997,44400,47.954544
2007-02-12,65.010002,65.120003,64.889999,64.980003,43200,47.976704
2007-02-13,65,65.339996,65,65.330002,12800,48.235119
2007-02-14,65.360001,65.580002,65.360001,65.540001,43100,48.390167
2007-02-15,65.650002,65.949997,65.580002,65.879997,17800,48.641197
2007-02-16,65.900002,66.010002,65.870003,66.010002,15100,48.737171
2007-02-20,66.050003,66.339996,65.809998,66.32,27500,48.966042
2007-02-21,66.330002,66.330002,66.07,66.099998,15700,48.803619
2007-02-22,66.019997,66.160004,65.660004,65.860001,21800,48.626427
2007-02-23,65.800003,65.849998,65.559998,65.669998,249200,48.486137
2007-02-26,65.760002,65.870003,65.57,65.769997,17400,48.559971
2007-02-27,65.5,65.540001,63.759998,63.759998,58900,47.075928
2007-02-28,64.099998,64.610001,63.950001,64.300003,35800,47.474628
2007-03-01,63.639999,64.43,63.529999,64.269997,55900,47.45248
2007-03-02,63.950001,64.230003,63.419998,63.549999,18300,46.920876
2007-03-05,63.259998,63.700001,63.049999,63.049999,25600,46.551716
2007-03-06,63.450001,64.040001,63.41,63.860001,29200,47.149769
2007-03-07,63.959999,63.970001,63.59,63.630001,21400,46.979946
2007-03-08,64.050003,64.160004,63.93,64.099998,13900,47.326965
2007-03-09,64.400002,64.400002,64.019997,64.279999,30100,47.459862
2007-03-12,64.260002,64.599998,64.25,64.410004,20100,47.555855
2007-03-13,64.230003,64.32,63.419998,63.470001,13900,46.861809
2007-03-14,63.619999,63.68,62.810001,63.599998,46300,46.957802
2007-03-15,63.560001,64.129997,63.560001,64.029999,19200,47.275284
2007-03-16,63.950001,64.230003,63.84,63.959999,47300,47.223595
2007-03-19,64.300003,64.480003,64.209999,64.279999,11100,47.459862
2007-03-20,64.459999,64.959999,64.379997,64.959999,23500,47.961922
2007-03-21,64.940002,65.75,64.82,65.639999,20000,48.463989
2007-03-22,65.68,65.889999,65.610001,65.839996,19200,48.61166
2007-03-23,65.769997,65.959999,65.75,65.879997,16200,48.641197
2007-03-26,65.809998,65.870003,65.470001,65.82,15200,48.596893
2007-03-27,65.5,65.5,65.330002,65.440002,15200,48.316322
2007-03-28,65.129997,65.610001,65.129997,65.370003,11900,48.264648
2007-03-29,65.699997,65.699997,65.239998,65.519997,12500,48.375401
2007-03-30,65.68,65.919998,65.209999,65.650002,28800,48.471382
2007-04-02,65.839996,66.089996,65.730003,65.989998,10900,48.722401
2007-04-03,66.389999,66.599998,66.349998,66.370003,44400,49.002972
2007-04-04,66.519997,66.709999,66.489998,66.550003,29200,49.135876
2007-04-05,66.620003,66.830002,66.580002,66.730003,12800,49.268776
2007-04-09,66.75,66.849998,66.68,66.82,15100,49.335232
2007-04-10,66.849998,66.900002,66.800003,66.849998,11400,49.357372
2007-04-11,66.830002,66.830002,66.389999,66.519997,70600,49.113716
2007-04-12,66.580002,66.830002,66.440002,66.790001,13100,49.313076
2007-04-13,66.800003,66.93,66.68,66.900002,13300,49.394287
2007-04-16,67.150002,67.230003,67,67.220001,9700,49.630562
2007-04-17,67.389999,67.650002,67.269997,67.510002,21400,49.844669
2007-04-18,67.510002,67.580002,67.370003,67.470001,18700,49.815147
2007-04-19,67.199997,67.599998,67.190002,67.550003,13300,49.87421
2007-04-20,68.010002,68.160004,67.769997,68.160004,12200,50.324581
2007-04-23,67.970001,68.25,67.959999,68,22000,50.206451
2007-04-24,67.919998,68.190002,67.650002,68.080002,23900,50.265514
2007-04-25,68.510002,68.510002,68.150002,68.360001,11700,50.472256
2007-04-26,68.349998,68.349998,68.059998,68.089996,8700,50.2729
2007-04-27,67.82,68.010002,67.809998,67.919998,17700,50.147392
2007-04-30,68.099998,68.239998,67.760002,67.760002,13600,50.029255
2007-05-01,67.330002,67.599998,67.199997,67.550003,15900,49.87421
2007-05-02,67.620003,67.910004,67.620003,67.730003,19400,50.007107
2007-05-03,67.940002,67.940002,67.669998,67.68,66500,49.970188
2007-05-04,67.949997,67.949997,67.599998,67.82,71800,50.073555
2007-05-07,68.059998,68.099998,67.879997,67.93,13900,50.154774
2007-05-08,67.790001,67.790001,67.580002,67.669998,11000,49.962807
2007-05-09,67.669998,67.849998,67.639999,67.790001,18700,50.051399
2007-05-10,67.540001,67.559998,67.089996,67.099998,16100,49.541958
2007-05-11,67.169998,67.269997,67.019997,67.25,18600,49.652714
2007-05-14,67.260002,67.360001,67.089996,67.160004,12300,49.586266
2007-05-15,67.389999,67.669998,67.330002,67.330002,8600,49.711781
2007-05-16,67.440002,68.059998,67.440002,68.059998,13300,50.250755
2007-05-17,67.870003,68.029999,67.870003,67.93,13400,50.154774
2007-05-18,67.989998,68.330002,67.989998,68.290001,6100,50.420574
2007-05-21,68.32,68.32,67.980003,68.059998,15000,50.250755
2007-05-22,68.019997,68.230003,67.970001,68.089996,17100,50.2729
2007-05-23,68.209999,68.400002,68.010002,68.010002,11100,50.213837
2007-05-24,68.050003,68.349998,67.75,67.800003,16400,50.058784
2007-05-25,68.050003,68.230003,67.989998,68.150002,12400,50.317204
2007-05-29,68.18,68.629997,68.18,68.459999,17100,50.546082
2007-05-30,68.400002,68.709999,68.339996,68.690002,6700,50.715897
2007-05-31,68.879997,69.010002,68.699997,68.699997,12900,50.723274
2007-06-01,68.900002,69.260002,68.900002,69.220001,12600,51.107208
2007-06-04,69.199997,69.220001,69.010002,69.220001,9500,51.107208
2007-06-05,69.010002,69.010002,68.720001,68.790001,20300,50.789734
2007-06-06,68.580002,68.610001,68.309998,68.339996,29300,50.457474
2007-06-07,68.290001,68.290001,67.620003,67.620003,32200,49.925884
2007-06-08,67.68,68.099998,67.440002,68.099998,13500,50.280281
2007-06-11,67.970001,68.290001,67.919998,68.080002,12000,50.265514
2007-06-12,67.900002,68.089996,67.480003,67.529999,21000,49.859428
2007-06-13,67.800003,68.150002,67.75,68.150002,13000,50.317204
2007-06-14,68.120003,68.279999,68.07,68.18,688000,50.339352
2007-06-15,68.629997,68.699997,68.330002,68.389999,10800,50.4944
2007-06-18,68.379997,68.410004,68.129997,68.129997,27400,50.302441
2007-06-19,67.879997,67.900002,67.639999,67.849998,9800,50.095703
2007-06-20,68,68.120003,67.489998,67.489998,8000,49.829903
2007-06-21,67.360001,67.970001,67.279999,67.839996,25900,50.088329
2007-06-22,67.75,67.75,67.139999,67.279999,12000,49.674847
2007-06-25,67.379997,67.599998,66.93,67.059998,13700,49.512413
2007-06-26,67.239998,67.5,66.980003,66.980003,14100,49.453362
2007-06-27,66.709999,67.529999,66.709999,67.529999,8500,49.859428
2007-06-28,67.43,67.809998,67.43,67.57,18600,49.888966
2007-06-29,67.650002,67.919998,67.07,67.470001,18800,49.815147
2007-07-02,67.839996,68.010002,67.830002,68.010002,125900,50.213837
2007-07-03,67.959999,68.059998,67.849998,68.019997,12000,50.221222
2007-07-05,67.980003,68.120003,67.839996,68.010002,16000,50.213837
2007-07-06,67.82,68.199997,67.779999,68.080002,11900,50.265514
2007-07-09,68.309998,68.309998,68.059998,68.220001,25000,50.368885
2007-07-10,67.970001,68,67.339996,67.339996,15500,49.719154
2007-07-11,67.449997,67.639999,67.440002,67.629997,20600,49.933266
2007-07-12,67.980003,68.699997,67.980003,68.699997,17200,50.723274
2007-07-13,68.459999,69.07,68.360001,68.970001,16600,50.922646
2007-07-16,68.739998,69.040001,68.660004,68.860001,16700,50.841423
2007-07-17,68.769997,68.910004,68.43,68.43,10200,50.523937
2007-07-18,68.370003,68.519997,68.129997,68.339996,14300,50.457474
2007-07-19,68.519997,68.769997,68.459999,68.510002,58400,50.583
2007-07-20,68.419998,68.449997,67.830002,67.889999,13700,50.125233
2007-07-23,68,68.559998,68,68.349998,10900,50.464863
2007-07-24,68.239998,68.410004,67.519997,67.589996,22100,49.903744
2007-07-25,67.940002,68,67.489998,67.769997,10300,50.036629
2007-07-26,67.160004,67.580002,66.269997,66.559998,41200,49.143253
2007-07-27,66.559998,66.699997,65.620003,65.620003,30600,48.449226
2007-07-30,65.75,66.349998,65.400002,66.18,13300,48.862698
2007-07-31,66.529999,67.019997,65.580002,65.589996,24100,48.427071
2007-08-01,65.779999,66.510002,65.599998,66.269997,25300,48.929142
2007-08-02,66.550003,66.849998,66.400002,66.790001,28100,49.313076
2007-08-03,66.699997,66.93,65.830002,65.919998,15600,48.670723
2007-08-06,66.410004,67.650002,66.199997,67.650002,44100,49.948044
2007-08-07,67.360001,68.300003,67.349998,67.980003,14700,50.191681
2007-08-08,68.260002,68.650002,67.959999,68.419998,91200,50.516548
2007-08-09,67.919998,68.300003,67.18,67.18,26200,49.601021
2007-08-10,66.540001,67.459999,66.419998,67.309998,13300,49.697002
2007-08-13,67.489998,67.489998,67.040001,67.360001,59500,49.733932
2007-08-14,66.959999,66.959999,66.139999,66.199997,12500,48.877457
2007-08-15,66.120003,66.809998,65.57,65.57,23400,48.412315
2007-08-16,65.419998,65.830002,64.849998,65.760002,30900,48.552597
2007-08-17,66.769997,67.220001,66.010002,66.779999,25900,49.305698
2007-08-20,66.739998,67.040001,66.25,66.629997,22600,49.194935
2007-08-21,66.470001,66.839996,66.470001,66.620003,8900,49.187553
2007-08-22,67,67.160004,66.849998,67.160004,16300,49.586266
2007-08-23,67.400002,67.400002,66.75,67.029999,16400,49.490273
2007-08-24,67.050003,67.639999,67.050003,67.639999,10800,49.940659
2007-08-27,67.720001,67.720001,67.400002,67.400002,15600,49.763447
2007-08-28,67.290001,67.290001,66.349998,66.360001,29100,48.99559
2007-08-29,66.690002,67.269997,66.419998,67.260002,68500,49.660099
2007-08-30,66.699997,67.110001,66.699997,66.949997,12000,49.431202
2007-08-31,67.160004,67.589996,66.940002,67.25,7900,49.652714
2007-09-04,67.309998,67.669998,67.309998,67.639999,10600,49.940659
2007-09-05,67.220001,67.220001,66.720001,66.900002,10200,49.394287
2007-09-06,67.120003,67.459999,66.910004,67.32,14400,49.704388
2007-09-07,66.830002,66.989998,66.529999,66.769997,14600,49.298298
2007-09-10,66.870003,67,66.459999,66.870003,8600,49.372139
2007-09-11,67.07,67.589996,67.050003,67.480003,6700,49.822525
2007-09-12,67.610001,68,67.510002,67.800003,6300,50.058784
2007-09-13,67.940002,68.32,67.940002,67.959999,9000,50.176922
2007-09-14,67.769997,68.160004,67.769997,68.160004,6400,50.324581
2007-09-17,67.959999,68,67.75,67.860001,8600,50.103092
2007-09-18,68.93,69.150002,68.169998,68.970001,16100,50.922646
2007-09-19,69.400002,69.540001,69,69.360001,25500,51.210579
2007-09-20,69.269997,69.379997,69.029999,69.160004,17200,51.062923
2007-09-21,69.540001,69.610001,69.269997,69.290001,16200,51.158897
2007-09-24,69.209999,69.519997,69.199997,69.220001,14100,51.107208
2007-09-25,68.919998,69.309998,68.82,69.220001,16200,51.107208
2007-09-26,69.459999,70,69.459999,69.860001,10700,51.579735
2007-09-27,69.900002,70.190002,69.879997,70.160004,13900,51.801247
2007-09-28,70.019997,70.18,69.980003,70.110001,16800,51.764328
2007-10-01,70.050003,70.300003,69.870003,70.099998,26700,51.756943
2007-10-02,70.120003,70.260002,69.980003,70.25,10700,51.867699
2007-10-03,70.07,70.190002,69.809998,69.879997,12100,51.594509
2007-10-04,70.099998,70.220001,70.010002,70.089996,13900,51.749557
2007-10-05,70.419998,70.580002,70.239998,70.470001,7700,52.030132
2007-10-08,70.25,70.290001,70.099998,70.220001,14700,51.845547
2007-10-09,70.190002,70.43,70.010002,70.330002,10600,51.926765
2007-10-10,70.610001,70.699997,70.5,70.589996,12500,52.118725
2007-10-11,71.050003,71.050003,70.449997,70.480003,11400,52.037518
2007-10-12,70.400002,70.870003,70.400002,70.839996,9700,52.303303
2007-10-15,70.949997,70.949997,70.129997,70.360001,14800,51.948921
2007-10-16,70.279999,70.559998,70.230003,70.349998,10300,51.941536
2007-10-17,70.730003,70.75,70.209999,70.349998,13600,51.941536
2007-10-18,70.489998,70.599998,70.330002,70.449997,9800,52.015369
2007-10-19,70.25,70.389999,69.459999,69.459999,19900,51.28442
2007-10-22,69.349998,70.010002,69.349998,69.949997,24600,51.646187
2007-10-23,70,70.160004,69.839996,70.160004,13200,51.801247
2007-10-24,70.129997,70.169998,69.5,69.989998,13800,51.675728
2007-10-25,70.410004,70.809998,70.269997,70.610001,11900,52.133492
2007-10-26,70.739998,71.150002,70.660004,71.150002,10300,52.532188
2007-10-29,71.199997,71.419998,71.050003,71.389999,9300,52.7094
2007-10-30,70.889999,71.120003,70.709999,70.769997,38500,52.251625
2007-10-31,71.120003,71.389999,70.669998,71.389999,22100,52.7094
2007-11-01,70.769997,71,69.870003,69.879997,274200,51.594509
2007-11-02,70.050003,70.230003,69.669998,70.160004,25300,51.801247
2007-11-05,70.199997,70.550003,69.93,70.150002,31400,51.793869
2007-11-06,70.32,70.660004,70.099998,70.660004,14300,52.17041
2007-11-07,70.169998,70.480003,69.660004,69.660004,16800,51.432087
2007-11-08,69.959999,70.589996,69.300003,70.379997,27100,51.963676
2007-11-09,69.949997,70.489998,69.830002,69.830002,19900,51.557598
2007-11-12,69.730003,70.330002,69.699997,69.790001,32500,51.528057
2007-11-13,69.940002,71,69.940002,71,20900,52.421436
2007-11-14,71.099998,71.559998,70.839996,71.019997,26900,52.436203
2007-11-15,70.910004,71.389999,70.589996,70.790001,21700,52.266411
2007-11-16,71.110001,71.459999,70.830002,71.449997,61300,52.753674
2007-11-19,71.449997,71.449997,70.75,70.919998,29800,52.362377
2007-11-20,71.989998,71.989998,70.599998,71.279999,35100,52.628174
2007-11-21,71.110001,71.360001,70.449997,70.459999,58800,52.022743
2007-11-23,70.93,71.169998,70.720001,71.050003,13700,52.45837
2007-11-26,71.580002,71.580002,70.260002,70.330002,38900,51.926765
2007-11-27,71.050003,71.43,70.739998,71.190002,34000,52.561729
2007-11-28,71.790001,72.419998,71.330002,72.370003,32800,53.432961
2007-11-29,72.370003,72.720001,71.959999,72.660004,24900,53.647087
2007-11-30,73.190002,73.190002,72.440002,72.75,101500,53.713516
2007-12-03,73.120003,73.120003,72.400002,72.519997,45200,53.543697
2007-12-04,72.279999,72.629997,72.279999,72.370003,40600,53.432961
2007-12-05,72.970001,72.970001,72.639999,72.910004,29400,53.831646
2007-12-06,72.82,73.589996,72.720001,73.519997,25200,54.282047
2007-12-07,73.82,73.919998,73.5,73.540001,51600,54.296799
2007-12-10,73.910004,73.910004,73.580002,73.769997,33200,54.466602
2007-12-11,74.029999,74.029999,72.699997,72.769997,63900,53.728294
2007-12-12,74.809998,77.199997,72.25,73.160004,63900,54.016235
2007-12-13,71.910004,73.239998,71.910004,73.239998,22700,54.075306
2007-12-14,72.360001,72.360001,71.300003,71.32,27100,53.504402
2007-12-17,71.199997,71.25,70.650002,70.68,17000,53.024269
2007-12-18,71.239998,71.239998,70.339996,70.739998,21700,53.069283
2007-12-19,70.860001,71.260002,70.699997,70.980003,708800,53.249329
2007-12-20,71.629997,71.629997,70.75,71.129997,27300,53.361851
2007-12-21,72.349998,72.349998,71.760002,72.050003,30800,54.052048
2007-12-24,72.209999,72.379997,72.190002,72.309998,13800,54.247093
2007-12-26,72.379997,72.379997,71.900002,72.160004,91200,54.134586
2007-12-27,72.089996,72.089996,71.400002,71.449997,25600,53.601906
2007-12-28,72.07,72.07,71.419998,71.550003,29700,53.676956
2007-12-31,71.110001,71.529999,70.790001,70.790001,26000,53.106804
2008-01-02,71.169998,71.169998,69.75,69.989998,311700,52.506626
2008-01-03,70.290001,70.290001,69.540001,69.620003,43900,52.229053
2008-01-04,69.650002,69.779999,69.010002,69.190002,45500,51.906467
2008-01-07,69.239998,70.260002,69.239998,70.199997,237200,52.664169
2008-01-08,70.470001,71.019997,69.75,69.900002,145300,52.439106
2008-01-09,70.239998,70.470001,69.610001,70.470001,85100,52.86673
2008-01-10,70.269997,71.220001,70.269997,71.019997,71500,53.279335
2008-01-11,70.68,70.68,69.440002,69.669998,71000,52.266571
2008-01-14,69.779999,69.870003,69.309998,69.480003,79200,52.124031
2008-01-15,69.010002,69.099998,68.470001,68.519997,69600,51.40382
2008-01-16,68.449997,68.989998,68.400002,68.400002,159000,51.313816
2008-01-17,68.5,68.720001,67.43,67.510002,87100,50.646126
2008-01-18,67.910004,68.050003,66.440002,66.639999,137200,49.99345
2008-01-22,65.610001,66.389999,54.849998,65.93,155600,49.460815
2008-01-23,64.720001,66.93,64.639999,66.720001,140000,50.053478
2008-01-24,66.879997,66.970001,66.199997,66.639999,37400,49.99345
2008-01-25,66.889999,68.529999,65.610001,65.82,67200,49.378288
2008-01-28,66.019997,66.589996,65.82,66.540001,45300,49.918434
2008-01-29,66.860001,66.860001,66.18,66.599998,46100,49.96344
2008-01-30,66.489998,67.169998,65.839996,65.839996,68600,49.393291
2008-01-31,65.889999,67.410004,65.839996,67.040001,95400,50.293537
2008-02-01,67.209999,68,67.209999,68,53600,51.013725
2008-02-04,67.650002,68.019997,67.459999,67.459999,62800,50.608624
2008-02-05,67,67.230003,66.25,66.470001,51800,49.865913
2008-02-06,66.650002,66.730003,66.029999,66.080002,53500,49.573338
2008-02-07,66.199997,66.900002,66.169998,66.830002,42600,50.135986
2008-02-08,66.739998,66.980003,66.25,66.379997,38300,49.798393
2008-02-11,66.349998,67.029999,66.18,67.029999,31500,50.286034
2008-02-12,67.580002,67.809998,67.290001,67.660004,43500,50.758656
2008-02-13,68.019997,68.019997,67.660004,67.889999,11000,50.931206
2008-02-14,68,68,66.93,67.209999,98600,50.421082
2008-02-15,67.230003,67.489998,67,67.489998,64000,50.631126
2008-02-19,69.43,69.43,67.290001,67.459999,51500,50.608624
2008-02-20,67.120003,67.690002,66.970001,67.610001,57200,50.721157
2008-02-21,67.860001,67.900002,67.150002,67.199997,94600,50.413567
2008-02-22,67.480003,67.68,66.830002,67.68,74800,50.773659
2008-02-25,67.879997,68.209999,67.639999,68.169998,109700,51.141243
2008-02-26,68.639999,68.760002,68.18,68.650002,54400,51.501362
2008-02-27,68.559998,68.760002,68.290001,68.550003,26000,51.426346
2008-02-28,68.239998,68.370003,68,68.220001,39700,51.178776
2008-02-29,67.669998,67.720001,66.860001,67.029999,28400,50.286034
2008-03-03,67.010002,67.330002,66.690002,67.330002,88700,50.511105
2008-03-04,67,67.559998,66.739998,67.43,82700,50.586121
2008-03-05,67.419998,68.019997,67.190002,67.669998,63900,50.766167
2008-03-06,67.529999,67.529999,66.800003,66.800003,50100,50.11348
2008-03-07,66.18,67,66.18,66.459999,467700,49.858414
2008-03-10,66.389999,66.739998,66.120003,66.209999,98800,49.670864
2008-03-11,66.919998,67.349998,66.68,67.349998,47200,50.526096
2008-03-12,67.669998,67.870003,67.230003,67.300003,45400,50.488598
2008-03-13,66.639999,67.419998,66.379997,67.300003,79100,50.488598
2008-03-14,67.720001,67.720001,65.879997,66.290001,73600,49.730881
2008-03-17,61.5,66.260002,61.5,65.970001,427400,49.490818
2008-03-18,67.559998,67.559998,66.400002,67.459999,104500,50.608624
2008-03-19,68,68.220001,67.169998,67.169998,90600,50.391056
2008-03-20,66.510002,68.330002,66.510002,68.050003,71100,51.051235
2008-03-24,68.639999,69,68.540001,68.949997,42300,51.726425
2008-03-25,69.099998,69.269997,68.809998,69.110001,32800,51.846447
2008-03-26,69,69.120003,68.82,68.849998,48400,51.651405
2008-03-27,69.110001,69.400002,68.760002,68.769997,27800,51.591385
2008-03-28,68.5,69.150002,68.5,68.690002,26600,51.531376
2008-03-31,69.879997,69.879997,68.629997,68.809998,61900,51.621387
2008-04-01,69.260002,69.949997,69.059998,69.949997,98000,52.476616
2008-04-02,69.889999,69.93,69.309998,69.510002,40600,52.146526
2008-04-03,69.5,69.57,69.279999,69.540001,52400,52.169048
2008-04-04,69.589996,69.830002,69.330002,69.610001,208700,52.221554
2008-04-07,70,70,69.5,69.57,107800,52.191555
2008-04-08,69.360001,69.470001,69.050003,69.050003,36900,51.801449
2008-04-09,69.449997,69.449997,68.650002,68.779999,19800,51.598885
2008-04-10,68.830002,69.300003,68.779999,69.019997,25600,51.778934
2008-04-11,68.760002,68.870003,68.290001,68.43,98200,51.336319
2008-04-14,68.5,68.580002,68.360001,68.440002,22500,51.343826
2008-04-15,69,69,68.43,68.800003,45300,51.613899
2008-04-16,69.150002,69.300003,68.849998,69.290001,31000,51.981487
2008-04-17,69.330002,69.330002,68.150002,68.919998,243400,51.703915
2008-04-18,69.970001,69.970001,68.980003,69.18,95600,51.898964
2008-04-21,69,69.330002,68.849998,69.260002,25800,51.958981
2008-04-22,69,69.089996,68.360001,68.68,66500,51.523861
2008-04-23,68.93,69.419998,68.800003,69.230003,15700,51.936485
2008-04-24,69.459999,69.459999,68.760002,69.160004,32600,51.883972
2008-04-25,69.419998,69.419998,68.400002,68.879997,22200,51.673908
2008-04-28,69.059998,69.230003,68.860001,68.949997,92300,51.726425
2008-04-29,69.029999,69.239998,68.639999,69.139999,33800,51.868958
2008-04-30,69.559998,69.82,68.68,68.68,71400,51.523861
2008-05-01,68.809998,69.339996,68.779999,69.260002,47600,51.958981
2008-05-02,69.650002,69.650002,69,69.110001,56500,51.846447
2008-05-05,68.910004,69.239998,68.910004,69,37100,51.763927
2008-05-06,68.75,69.32,68.699997,69.260002,41100,51.958981
2008-05-07,69.260002,69.419998,68.610001,68.610001,17800,51.471355
2008-05-08,69.059998,69.059998,68.550003,68.739998,29800,51.568874
2008-05-09,68.449997,68.449997,68.169998,68.32,27700,51.253796
2008-05-12,68.43,68.980003,68.43,68.970001,26500,51.741436
2008-05-13,69.019997,69.040001,68.699997,68.900002,54400,51.688908
2008-05-14,69.120003,69.57,69.120003,69.190002,54800,51.906467
2008-05-15,69.279999,69.889999,69.040001,69.779999,108000,52.349087
2008-05-16,69.790001,69.959999,69.540001,69.919998,40900,52.454113
2008-05-19,70,70.150002,69.669998,69.809998,23300,52.37159
2008-05-20,69.769997,69.769997,69.150002,69.309998,27900,51.99649
2008-05-21,69.32,69.459999,68.519997,68.68,78400,51.523861
2008-05-22,68.669998,69.419998,68.669998,69.279999,112300,51.973988
2008-05-23,69.099998,69.230003,68.949997,68.970001,36000,51.741436
2008-05-27,69.169998,69.510002,68.949997,69.339996,67200,52.018997
2008-05-28,69.5,69.559998,69.019997,69.169998,23000,51.891468
2008-05-29,69.260002,70.160004,69.260002,69.910004,31800,52.446621
2008-05-30,69.970001,70.029999,69.739998,69.849998,40800,52.401604
2008-06-02,69.800003,69.809998,68.970001,69.419998,35200,52.079006
2008-06-03,69.410004,69.650002,68.989998,69.32,54300,52.003986
2008-06-04,69.419998,69.720001,69.190002,69.639999,79400,52.244061
2008-06-05,69.779999,70.379997,69.730003,70.370003,125800,52.79171
2008-06-06,69.639999,69.699997,68.610001,68.610001,32300,51.471355
2008-06-09,68.830002,69.010002,68.400002,68.690002,161600,51.531376
2008-06-10,68.400002,69.510002,68.400002,69.279999,77400,51.973988
2008-06-11,69.139999,69.139999,68.599998,68.629997,29900,51.486351
2008-06-12,69.110001,69.370003,68.639999,68.93,166000,51.711414
2008-06-13,69.190002,69.190002,68.550003,68.769997,95500,51.591385
2008-06-16,68.529999,68.529999,67.940002,68.279999,30500,51.223782
2008-06-17,68.75,68.75,68,68,49600,51.013725
2008-06-18,67.910004,67.940002,67.18,67.279999,58700,50.473572
2008-06-19,67.160004,67.669998,67.160004,67.5,34700,50.63863
2008-06-20,67.019997,67.089996,66.610001,66.709999,33900,50.045975
2008-06-23,67.129997,67.129997,66.32,66.330002,37800,49.760887
2008-06-24,66.419998,66.830002,66.110001,66.529999,52100,49.910934
2008-06-25,66.730003,67.889999,66.730003,67.279999,218700,50.473572
2008-06-26,66.989998,67.120003,65.970001,65.980003,126500,49.498314
2008-06-27,66.010002,66.129997,65.169998,65.230003,155600,48.935673
2008-06-30,65.220001,65.959999,65.080002,65.160004,126200,48.88316
2008-07-01,64.629997,65.440002,64.610001,65.410004,373100,49.070702
2008-07-02,65.580002,65.589996,65.209999,65.209999,129700,48.92067
2008-07-03,65.550003,65.790001,64.349998,65.510002,222600,49.145725
2008-07-07,65.830002,66.040001,65.160004,65.660004,239200,49.258259
2008-07-08,65.669998,66.650002,65.669998,66.629997,416200,49.98595
2008-07-09,66.68,66.93,66.290001,66.290001,118800,49.730881
2008-07-10,66.199997,66.5,65.790001,66.300003,167700,49.738388
2008-07-11,65.849998,66.489998,65.599998,65.989998,81800,49.505814
2008-07-14,66.150002,66.660004,65.690002,65.769997,58200,49.340775
2008-07-15,65.709999,66.489998,64.940002,66.110001,241600,49.595844
2008-07-16,65.980003,66.830002,65.790001,66.800003,274500,50.11348
2008-07-17,66.790001,66.800003,65.739998,66.589996,254800,49.955936
2008-07-18,66.709999,66.709999,65.870003,66.169998,78600,49.640858
2008-07-21,66.349998,66.349998,65.599998,65.919998,249300,49.453308
2008-07-22,65.75,67.059998,65.75,67.059998,117300,50.308533
2008-07-23,67.010002,67.449997,66.699997,67.449997,73500,50.601112
2008-07-24,67.5,67.5,66.68,66.709999,245500,50.045975
2008-07-25,66.669998,66.900002,66.580002,66.620003,123000,49.978447
2008-07-28,67.230003,67.230003,66.150002,66.199997,45000,49.663364
2008-07-29,66.449997,67.480003,66.449997,67.449997,112500,50.601112
2008-07-30,67.760002,68.440002,67.620003,68.139999,131200,51.118755
2008-07-31,67.790001,67.959999,67.150002,67.230003,221800,50.436081
2008-08-01,67.339996,67.720001,67.050003,67.269997,147400,50.466084
2008-08-04,67.379997,68.209999,67.300003,67.849998,101700,50.901199
2008-08-05,68.419998,69.550003,68.279999,69.550003,330500,52.176544
2008-08-06,69.440002,69.82,69.059998,69.779999,158700,52.349087
2008-08-07,69.5,69.5,68.449997,68.529999,251700,51.411335
2008-08-08,68.580002,70.129997,68.440002,69.980003,249200,52.499126
2008-08-11,70.160004,70.690002,69.82,70.300003,200100,52.739193
2008-08-12,70.629997,70.889999,70.099998,70.68,220600,53.024269
2008-08-13,70.620003,70.739998,69.989998,70.419998,329000,52.829216
2008-08-14,70.040001,71.129997,69.889999,70.57,251900,52.941746
2008-08-15,70.82,71.339996,70.760002,71.269997,134500,53.466888
2008-08-18,71.239998,71.239998,70.339996,70.519997,87100,52.90424
2008-08-19,70.389999,70.400002,69.879997,69.879997,215600,52.424103
2008-08-20,70.07,70.110001,69.389999,69.970001,155400,52.491634
2008-08-21,69.550003,69.709999,69.040001,69.610001,319400,52.221554
2008-08-22,70.059998,70.449997,69.919998,70.389999,64100,52.806705
2008-08-25,70.129997,70.169998,69.199997,69.610001,134000,52.221554
2008-08-26,69.260002,69.5,68.910004,69.150002,228900,51.876461
2008-08-27,68.980003,69.650002,68.93,69.650002,87700,52.25156
2008-08-28,69.639999,69.949997,69.300003,69.870003,138000,52.416603
2008-08-29,69.599998,69.940002,69.050003,69.059998,47400,51.808952
2008-09-02,69.879997,70.489998,69.650002,69.699997,147100,52.289066
2008-09-03,69.449997,69.980003,69.400002,69.690002,133700,52.281559
2008-09-04,69.400002,69.800003,68.849998,68.849998,51000,51.651405
2008-09-05,68.849998,69.650002,68.440002,69.459999,63100,52.109028
2008-09-08,70.839996,70.93,70.089996,70.910004,90900,53.196819
2008-09-09,71.120003,71.260002,70.419998,70.449997,69400,52.851723
2008-09-10,70.550003,70.910004,70.459999,70.559998,68900,52.934242
2008-09-11,70.379997,71.489998,70.059998,71.489998,65600,53.631927
2008-09-12,71,71.470001,70.93,71.459999,81300,53.609425
2008-09-15,70.839996,71.440002,70,70.410004,157600,52.82172
2008-09-16,69.370003,70.75,69.220001,70.309998,120900,52.746704
2008-09-17,69.790001,69.980003,68.139999,68.290001,130200,51.231289
2008-09-18,68.849998,70.18,68.169998,69.610001,178900,52.221554
2008-09-19,75,80.419998,69.260002,69.650002,70000,52.25156
2008-09-22,69.650002,69.650002,67.860001,68.010002,153400,51.021236
2008-09-23,68.010002,68.889999,67.449997,67.629997,199800,50.736149
2008-09-24,67.099998,67.910004,67.040001,67.620003,114200,50.728649
2008-09-25,67,69,67,68.699997,80300,51.538864
2008-09-26,68.660004,69.139999,68.139999,69.139999,79300,51.868958
2008-09-29,69.57,69.830002,66.290001,66.889999,173500,50.181007
2008-09-30,67.889999,68,66.43,67.949997,133500,50.976219
2008-10-01,68.860001,68.860001,67.309998,68.589996,259500,51.456348
2008-10-02,68.449997,68.610001,67.459999,67.690002,128900,50.78117
2008-10-03,68.379997,68.68,67.010002,67.190002,247700,50.406071
2008-10-06,66,67.050003,62.77,64.849998,532200,48.650589
2008-10-07,65.440002,65.730003,62.639999,62.73,133300,47.060162
2008-10-08,59.740002,63.32,59.740002,61.610001,148800,46.219936
2008-10-09,63.349998,63.349998,57.380001,58.290001,153000,43.729271
2008-10-10,55.009998,60.07,53.25,57.299999,361100,42.986576
2008-10-13,60.5,61.470001,58.099998,61.41,251300,46.069889
2008-10-14,65.779999,65.779999,58.779999,59.98,333400,44.997108
2008-10-15,60.48,60.889999,55.889999,55.889999,234900,41.928787
2008-10-16,56.57,58.740002,54.5,58.470001,155000,43.864304
2008-10-17,58.209999,60.369999,57.48,58.790001,192100,44.104366
2008-10-20,59.330002,60.5,58.790001,60.360001,184600,45.282188
2008-10-21,60.18,60.689999,59.32,59.5,200400,44.637012
2008-10-22,58.290001,58.799999,56.32,57.439999,190000,43.091606
2008-10-23,57.73,58.310001,54.91,57.549999,273400,43.174118
2008-10-24,52.740002,56.419998,52.740002,55.419998,246300,41.57618
2008-10-27,54.740002,56.220001,54.060001,54.16,107200,40.630932
2008-10-28,55.189999,58.669998,54.150002,58.599998,165700,43.961826
2008-10-29,58.209999,59.889999,57.349998,57.349998,215000,43.024086
2008-10-30,59.419998,59.599998,58.279999,59.279999,186900,44.471962
2008-10-31,59.419998,60.93,59.41,60.110001,217100,45.094635
2008-11-03,59.950001,60.549999,59.779999,60.099998,326800,45.087132
2008-11-04,61.43,61.52,60.669998,61.25,410100,45.949867
2008-11-05,60.849998,61.360001,59.23,59.43,579800,44.584503
2008-11-06,59.48,60.009998,57.66,57.950001,205100,43.474201
2008-11-07,58.259998,59.220001,58.23,59.02,413800,44.276924
2008-11-10,60.080002,60.110001,58.240002,59.040001,207200,44.291916
2008-11-11,58.450001,58.93,57.360001,58,177900,43.511715
2008-11-12,57.09,57.130001,55.84,56.040001,461400,42.041313
2008-11-13,56.18,58.75,54.639999,58.709999,412100,44.04435
2008-11-14,57.610001,58.919998,56.919998,56.919998,79900,42.701492
2008-11-17,56.41,57.560001,55.84,56.130001,125300,42.108829
2008-11-18,55.52,57.080002,55.209999,56.830002,157600,42.633965
2008-11-19,56.580002,57.599998,55,55.049999,153500,41.298607
2008-11-20,54.68,56.18,52.330002,52.720001,208800,39.550652
2008-11-21,53.82,55.240002,51.650002,55.240002,337600,41.441151
2008-11-24,55.880001,57.669998,55.169998,56.610001,291300,42.468929
2008-11-25,57.880001,57.880001,55.66,56.650002,268900,42.498947
2008-11-26,55.490002,57.66,55.41,57.66,141600,43.256634
2008-11-28,57.5,58.41,57.5,58.400002,34800,43.811794
2008-12-01,57.290001,57.560001,54.939999,55.080002,154000,41.321121
2008-12-02,55.810001,55.950001,54.509998,55.849998,206800,41.898773
2008-12-03,55.150002,56.73,55.150002,56.73,114600,42.558952
2008-12-04,56.23,57.130001,55.220001,55.610001,95800,41.718731
2008-12-05,54.990002,57.77,54.689999,57.599998,142200,43.211632
2008-12-08,58.59,58.599998,57.310001,57.779999,293400,43.346672
2008-12-09,58.130001,58.130001,56.259998,56.450001,209700,42.3489
2008-12-10,56.889999,57.139999,56.25,56.849998,81500,42.648975
2008-12-11,56.389999,57.299999,55.919998,56.119999,75400,42.101334
2008-12-12,55,56.610001,54.68,56.389999,95200,42.303879
2008-12-15,56.700001,56.790001,55.580002,56.220001,133200,42.17635
2008-12-16,57.740002,57.849998,56.369999,57.740002,172500,43.316662
2008-12-17,57.349998,57.959999,57.040001,57.540001,93700,43.166622
2008-12-18,57.799999,58.5,57.119999,57.639999,136600,43.241627
2008-12-19,58.099998,58.810001,57.299999,57.560001,131800,43.181618
2008-12-22,56.310001,56.470001,55.34,56.18,108500,43.023094
2008-12-23,56.439999,56.66,55.580002,55.77,155300,42.709118
2008-12-24,55.860001,56.299999,55.849998,56.16,64700,43.007782
2008-12-26,56.529999,56.549999,56.080002,56.349998,76900,43.153286
2008-12-29,56.360001,56.599998,55.540001,56.080002,88100,42.946522
2008-12-30,56.59,57.119999,56.540001,57.080002,156900,43.71233
2008-12-31,57.369999,57.98,57.279999,57.849998,121800,44.301994
2009-01-02,57.689999,58.82,57.599998,58.66,176700,44.922291
2009-01-05,58.549999,58.790001,58.189999,58.57,103700,44.853382
2009-01-06,58.93,59.099998,57.740002,58.060001,145700,44.462818
2009-01-07,57.200001,57.889999,57.080002,57.369999,153600,43.934406
2009-01-08,56.700001,56.799999,56.279999,56.740002,112500,43.451946
2009-01-09,56.77,56.779999,55.849998,55.959999,98400,42.854618
2009-01-12,55.759998,56.049999,55.419998,55.639999,69500,42.609558
2009-01-13,55.610001,56.16,55.610001,55.939999,151300,42.839298
2009-01-14,54.990002,55.25,54.349998,54.669998,172000,41.866722
2009-01-15,54.389999,55,53.82,54.889999,230100,42.035206
2009-01-16,55.509998,55.75,54.939999,55.599998,136600,42.578926
2009-01-20,55.450001,55.93,54.509998,54.610001,193300,41.820778
2009-01-21,55.049999,55.110001,53.93,55.040001,169000,42.150074
2009-01-22,54.419998,55.09,53.93,54.869999,143500,42.01989
2009-01-23,53.880001,54.689999,53.779999,54.419998,240100,41.67527
2009-01-26,54.52,55.360001,54.41,54.77,266000,41.943306
2009-01-27,55.200001,55.57,54.880001,55.049999,169300,42.157726
2009-01-28,55.799999,55.959999,55.419998,55.759998,108400,42.701462
2009-01-29,56,56.02,55.119999,55.220001,103800,42.28793
2009-01-30,55,55.119999,53.299999,53.450001,119200,40.932449
2009-02-02,52.810001,53.529999,52.599998,53.240002,112900,40.771626
2009-02-03,53.43,54.540001,52.990002,54.330002,248500,41.606358
2009-02-04,54.200001,54.27,52.900002,53.060001,148300,40.633766
2009-02-05,52.900002,53.970001,52.720001,53.810001,138100,41.208126
2009-02-06,53.759998,54.919998,53.759998,54.77,113600,41.943306
2009-02-09,54.669998,54.669998,53.93,54.150002,144700,41.46851
2009-02-10,53.77,53.869999,52.110001,52.450001,230500,40.16663
2009-02-11,52.540001,52.990002,52.43,52.75,162400,40.396378
2009-02-12,52.299999,53.43,52.119999,53.43,166600,40.917126
2009-02-13,53.380001,53.380001,52.700001,52.700001,109600,40.358086
2009-02-17,52.040001,52.32,51.360001,51.689999,262100,39.584625
2009-02-18,51.799999,52.09,51.450001,51.91,134900,39.753094
2009-02-19,51.91,52.84,51.91,52.400002,121500,40.128338
2009-02-20,51.630001,52.259998,51.150002,51.619999,212400,39.53101
2009-02-23,51.799999,51.889999,50.16,50.299999,306800,38.520145
2009-02-24,50.529999,51.450001,50.27,51.189999,140400,39.20171
2009-02-25,50.970001,51.380001,50.41,50.77,184500,38.88007
2009-02-26,51.040001,51.09,49.490002,49.490002,102300,37.899841
2009-02-27,49.029999,50.23,49.029999,49.529999,185900,37.930477
2009-03-02,48.779999,49.209999,48.060001,48.169998,667300,36.888973
2009-03-03,48.43,48.650002,47.5,47.77,278700,36.582649
2009-03-04,48.119999,49.259998,47.759998,48.57,87400,37.195301
2009-03-05,47.959999,48.400002,46.900002,47.200001,133300,36.146145
2009-03-06,47.5,48,46.669998,47.689999,173400,36.521385
2009-03-09,47.080002,47.580002,46.549999,46.77,98500,35.816837
2009-03-10,47.139999,47.970001,47.099998,47.889999,65400,36.674557
2009-03-11,48.349998,48.490002,47.669998,47.869999,93500,36.659229
2009-03-12,47.689999,49.259998,47.59,49.119999,130800,37.616489
2009-03-13,49.470001,50.139999,49.240002,49.970001,264400,38.267429
2009-03-16,50.52,51.200001,50.41,50.509998,189800,38.680977
2009-03-17,50.560001,51.400002,50.509998,51.360001,56600,39.331913
2009-03-18,51.119999,51.939999,50.619999,51.18,87600,39.194057
2009-03-19,51.540001,51.540001,50.380001,50.619999,55300,38.765202
2009-03-20,50.93,51.220001,50.5,50.529999,56400,38.696278
2009-03-23,51.200001,52.68,51.169998,52.619999,124800,40.296814
2009-03-24,52.369999,52.869999,52.029999,52.330002,57500,40.074741
2009-03-25,52.509998,53.400002,52.049999,52.880001,94900,40.495922
2009-03-26,53.200001,53.580002,52.779999,53.549999,59500,41.009022
2009-03-27,53.139999,53.459999,52.869999,53.02,134800,40.603149
2009-03-30,52.209999,52.400002,51.330002,51.84,101200,39.699497
2009-03-31,52.150002,52.490002,51.380001,51.380001,144600,39.347214
2009-04-01,51.32,52.759998,51.189999,52.560001,126500,40.250874
2009-04-02,53.540001,54.450001,53.34,53.740002,84700,41.154526
2009-04-03,53.84,54.060001,53.290001,53.73,242800,41.146858
2009-04-06,53.5,53.82,53.09,53.619999,128200,41.06263
2009-04-07,53,53.389999,52.740002,52.740002,95800,40.388718
2009-04-08,52.880001,53.459999,52.830002,53.369999,52900,40.87117
2009-04-09,53.900002,54.240002,53.200001,53.580002,108100,41.031994
2009-04-13,53.27,53.599998,53.110001,53.470001,149600,40.947762
2009-04-14,52.98,53.049999,52.369999,52.650002,70600,40.319801
2009-04-15,52.43,53.400002,52.43,53.400002,67000,40.894161
2009-04-16,53.560001,54.310001,53.139999,54.110001,83700,41.437881
2009-04-17,53.93,54.66,53.93,54.48,75300,41.721218
2009-04-20,53.509998,54.369999,53.400002,53.450001,61300,40.932449
2009-04-21,53.259998,53.900002,53.07,53.669998,95600,41.100918
2009-04-22,53.509998,53.91,53.119999,53.150002,183000,40.702702
2009-04-23,53.150002,53.25,52.57,53.009998,79800,40.595478
2009-04-24,53.52,53.610001,52.98,53.060001,77800,40.633766
2009-04-27,52.759998,53.889999,52.759998,53.279999,51400,40.802258
2009-04-28,52.650002,53.919998,52.580002,53.5,104500,40.970734
2009-04-29,53.779999,54.950001,53.779999,54.360001,119800,41.629333
2009-04-30,54.849998,54.860001,54.18,54.400002,120800,41.659954
2009-05-01,54.540001,54.560001,53.889999,54.560001,156900,41.782494
2009-05-04,55.049999,55.509998,54.779999,55.509998,195000,42.510006
2009-05-05,55.09,55.880001,55,55.27,65000,42.326218
2009-05-06,55.48,55.709999,55.130001,55.41,107700,42.433418
2009-05-07,55.470001,56.049999,55.41,55.5,69000,42.502338
2009-05-08,56.490002,56.490002,55.810001,56.110001,64600,42.969482
2009-05-11,55.509998,56.099998,55.16,55.810001,70800,42.739754
2009-05-12,55.759998,56.759998,55.759998,56.419998,54200,43.206894
2009-05-13,56,56.049999,55.57,55.77,94400,42.709118
2009-05-14,55.470001,56.16,55.470001,55.900002,73600,42.808674
2009-05-15,55.790001,56.220001,55.5,55.66,47400,42.624874
2009-05-18,56.060001,56.75,55.790001,56.740002,62200,43.451946
2009-05-19,57.099998,57.099998,56.549999,56.82,374900,43.51321
2009-05-20,57.009998,57.549999,56.900002,56.900002,133800,43.574474
2009-05-21,56.43,56.630001,56.009998,56.459999,52000,43.23753
2009-05-22,56.919998,57.240002,56.470001,56.709999,78200,43.428974
2009-05-26,56.349998,57.5,56.349998,57.290001,61000,43.873138
2009-05-27,57.470001,57.490002,56.189999,56.27,58900,43.092014
2009-05-28,56.48,56.900002,55.91,56.73,46100,43.444298
2009-05-29,56.959999,57.32,56.650002,57.32,41400,43.89613
2009-06-01,57.900002,58.669998,57.57,58.57,56700,44.853382
2009-06-02,58.700001,59.450001,58.630001,59.220001,93800,45.351147
2009-06-03,58.549999,58.970001,58.459999,58.860001,179900,45.075474
2009-06-04,58.970001,59.029999,58.349998,59.029999,82900,45.20565
2009-06-05,59.709999,59.709999,58.599998,58.849998,72400,45.067799
2009-06-08,58.91,59.150002,58.290001,58.82,50500,45.04483
2009-06-09,59.25,59.25,58.419998,58.52,73000,44.815079
2009-06-10,58.900002,58.900002,57.68,58.049999,57900,44.455162
2009-06-11,58.139999,58.740002,58.009998,58.040001,213200,44.447495
2009-06-12,58.110001,58.439999,57.75,58.439999,48600,44.753822
2009-06-15,57.799999,57.889999,57.040001,57.18,60000,43.788902
2009-06-16,57.299999,57.299999,56.439999,56.450001,101300,43.229866
2009-06-17,56.41,57.029999,56.389999,56.740002,72100,43.451946
2009-06-18,56.82,57.860001,56.82,57.689999,49100,44.179459
2009-06-19,57.970001,58.110001,57.299999,57.360001,32900,43.926754
2009-06-22,57.02,57.209999,56.849998,56.900002,42800,43.574474
2009-06-23,57.169998,57.169998,56.59,56.740002,67400,43.451946
2009-06-24,56.869999,57.209999,56.580002,56.810001,59800,43.50555
2009-06-25,56.700001,57.84,56.59,57.740002,44500,44.217758
2009-06-26,57.5,57.959999,57.380001,57.68,17800,44.171814
2009-06-29,57.900002,58.150002,57.639999,58.09,30900,44.485798
2009-06-30,58.139999,58.139999,57.369999,57.68,30300,44.171814
2009-07-01,57.509998,58.900002,57.509998,58.610001,49000,44.88401
2009-07-02,58.080002,58.119999,57.599998,57.610001,34200,44.11821
2009-07-06,57.220001,58.349998,57.209999,58.349998,36800,44.684906
2009-07-07,58.200001,58.389999,57.689999,57.709999,35800,44.194778
2009-07-08,57.860001,58,57.509998,57.900002,39700,44.340282
2009-07-09,57.939999,57.939999,57.369999,57.459999,21000,44.00333
2009-07-10,57.32,57.720001,57.099998,57.299999,29900,43.88081
2009-07-13,57.25,58.150002,57.209999,57.990002,58900,44.40921
2009-07-14,58.130001,58.389999,57.970001,58.389999,41400,44.715534
2009-07-15,58.82,59.540001,58.549999,59.540001,56100,45.596214
2009-07-16,59.130001,59.869999,59.130001,59.759998,57200,45.764687
2009-07-17,59.459999,59.919998,59.459999,59.919998,39100,45.887218
2009-07-20,59.779999,60.259998,59.419998,59.959999,49500,45.917858
2009-07-21,60.349998,60.450001,59.419998,59.900002,64500,45.871906
2009-07-22,59.889999,60.23,59.810001,59.950001,40500,45.910194
2009-07-23,60.23,61.139999,59.98,60.73,55600,46.507523
2009-07-24,60.830002,61.200001,60.580002,61.200001,45000,46.867451
2009-07-27,61,61.25,60.59,61.099998,40100,46.790878
2009-07-28,60.93,61.279999,60.759998,61.18,30900,46.852142
2009-07-29,60.799999,61.560001,60.799999,61.32,33600,46.959358
2009-07-30,61.959999,62.25,61.540001,61.540001,59000,47.127834
2009-07-31,61.419998,62.09,61.419998,61.5,58000,47.097191
2009-08-03,61.639999,62.040001,61.150002,61.540001,56100,47.127834
2009-08-04,61.470001,62,61.380001,61.66,25900,47.219723
2009-08-05,61.549999,61.549999,60.959999,61.080002,29000,46.775562
2009-08-06,61.18,61.310001,60.5,60.66,26500,46.453907
2009-08-07,60.939999,61.189999,60.73,60.970001,25300,46.691319
2009-08-10,60.810001,61.139999,60.73,61.139999,67800,46.821499
2009-08-11,61.049999,61.150002,60.84,60.889999,45700,46.630047
2009-08-12,60.75,61.349998,60.73,60.93,68600,46.660686
2009-08-13,61.18,61.18,60.650002,61.169998,70100,46.844475
2009-08-14,61.200001,61.419998,60.610001,60.93,26800,46.660686
2009-08-17,60,60.740002,59.34,60.419998,38900,46.270119
2009-08-18,60.360001,60.779999,60.240002,60.580002,29800,46.392647
2009-08-19,60.450001,61.150002,60.360001,61.029999,20700,46.73727
2009-08-20,61.16,61.470001,60.919998,61.380001,29100,47.005299
2009-08-21,61.68,62.240002,61.639999,62.09,39200,47.549019
2009-08-24,61.93,62.400002,61.830002,62.060001,67700,47.526039
2009-08-25,62.029999,62.599998,61.959999,62.099998,62600,47.556686
2009-08-26,61.599998,62.549999,61.599998,62.349998,35700,47.748131
2009-08-27,62.200001,62.330002,61.82,62.25,40600,47.671566
2009-08-28,62.639999,62.639999,61.77,61.939999,25200,47.434151
2009-08-31,61.279999,62.07,61.279999,62.07,32200,47.533703
2009-09-01,61.82,62.310001,61.290001,61.470001,69800,47.074215
2009-09-02,61.25,61.68,61.139999,61.490002,28500,47.089535
2009-09-03,61.900002,61.900002,61.360001,61.779999,23700,47.311619
2009-09-04,61.889999,62.279999,61.75,62.259998,38300,47.679211
2009-09-08,62.639999,62.810001,62.369999,62.75,57900,48.054451
2009-09-09,62.889999,62.900002,62.5,62.830002,34100,48.115723
2009-09-10,63,63.290001,62.869999,63.240002,25300,48.429695
2009-09-11,63.41,63.599998,63.27,63.470001,28200,48.605831
2009-09-14,63.130001,63.560001,63.029999,63.400002,36100,48.552235
2009-09-15,63.369999,63.48,62.860001,63.07,649700,48.299511
2009-09-16,63.110001,63.549999,62.93,63.549999,32400,48.667099
2009-09-17,63.540001,63.779999,63.360001,63.439999,41100,48.582859
2009-09-18,63.82,64.25,63.75,64.07,25600,49.065323
2009-09-21,63.709999,64.120003,63.669998,63.990002,25000,49.004055
2009-09-22,64.290001,64.290001,63.77,64.010002,60600,49.019379
2009-09-23,64.07,64.690002,64,64.040001,15800,49.042351
2009-09-24,64.150002,64.25,63.57,63.740002,40300,48.812607
2009-09-25,63.66,63.91,63.5,63.549999,37500,48.667099
2009-09-28,63.619999,64.209999,63.619999,63.880001,19600,48.919827
2009-09-29,64.230003,64.419998,64.080002,64.209999,53300,49.172531
2009-09-30,64.290001,64.400002,63.599998,64.260002,26100,49.210831
2009-10-01,64.089996,64.089996,63.509998,63.619999,30500,48.720711
2009-10-02,63.240002,64.050003,63.240002,63.880001,41700,48.919827
2009-10-05,63.970001,64.099998,63.400002,64.040001,57700,49.042351
2009-10-06,64.269997,64.779999,64.269997,64.660004,55600,49.517155
2009-10-07,64.639999,64.889999,64.580002,64.879997,29100,49.685627
2009-10-08,65.330002,65.349998,64.889999,65.260002,37500,49.976643
2009-10-09,65.279999,65.459999,65.110001,65.419998,23900,50.099155
2009-10-12,65.629997,65.860001,65.440002,65.440002,12800,50.114479
2009-10-13,65.449997,65.470001,65.190002,65.339996,44900,50.037903
2009-10-14,65.760002,65.809998,65.449997,65.68,39400,50.298279
2009-10-15,65.370003,66.239998,65.370003,66.239998,33900,50.727123
2009-10-16,65.970001,66.660004,65.970001,66.400002,46500,50.849663
2009-10-19,66.519997,67.129997,66.519997,66.919998,24400,51.247879
2009-10-20,66.82,67.040001,66.57,66.760002,174700,51.125359
2009-10-21,66.629997,67.139999,66.190002,66.199997,176200,50.696487
2009-10-22,66.080002,66.550003,65.75,66.309998,32300,50.780735
2009-10-23,66.400002,66.400002,65.419998,65.629997,42900,50.259983
2009-10-26,65.68,66.150002,65,65.160004,56700,49.900063
2009-10-27,65.269997,65.5,64.849998,65.230003,91300,49.953667
2009-10-28,64.970001,65.449997,64.830002,64.839996,64800,49.654984
2009-10-29,65.290001,66,65.190002,65.919998,49300,50.482059
2009-10-30,65.739998,66,64.730003,64.730003,84200,49.570759
2009-11-02,64.959999,65.480003,64.849998,65.379997,39400,50.068535
2009-11-03,65.040001,65.540001,64.690002,65.089996,68500,49.846455
2009-11-04,65.339996,65.860001,65.120003,65.269997,48400,49.984291
2009-11-05,64.980003,65.709999,64.739998,65.68,42600,50.298279
2009-11-06,65.32,65.900002,65.309998,65.900002,28600,50.466747
2009-11-09,66.230003,66.790001,66.029999,66.769997,37400,51.132999
2009-11-10,66.870003,67.190002,66.699997,66.870003,79700,51.209579
2009-11-11,67.160004,67.260002,66.870003,67.080002,120200,51.370407
2009-11-12,67.059998,67.339996,66.589996,66.639999,58100,51.033447
2009-11-13,66.82,67.220001,66.540001,67.099998,103300,51.385723
2009-11-16,67.230003,67.839996,67.230003,67.669998,135100,51.822235
2009-11-17,67.559998,67.849998,67.519997,67.830002,125400,51.944756
2009-11-18,67.699997,67.860001,67.360001,67.82,49600,51.937092
2009-11-19,67.470001,67.57,66.989998,67.480003,44900,51.676739
2009-11-20,67.330002,67.699997,67.309998,67.550003,38600,51.730354
2009-11-23,68.160004,68.440002,67.809998,68.190002,46000,52.22044
2009-11-24,68.080002,68.339996,67.830002,68.25,45700,52.266399
2009-11-25,68.209999,68.360001,68.139999,68.160004,31100,52.197475
2009-11-27,67,67.75,65.040001,67.5,42000,51.692043
2009-11-30,67.519997,67.639999,66.949997,67.209999,31300,51.469959
2009-12-01,67.550003,68.25,67.550003,68.099998,38100,52.151531
2009-12-02,68.099998,68.410004,68.050003,68.129997,49400,52.174507
2009-12-03,68.230003,68.269997,67.620003,67.620003,28700,51.783947
2009-12-04,68.25,68.519997,67.68,68.080002,31300,52.136208
2009-12-07,68.040001,68.260002,67.910004,68.169998,34300,52.205124
2009-12-08,67.790001,67.790001,67.150002,67.360001,39200,51.584839
2009-12-09,67.169998,67.410004,66.949997,67.330002,31500,51.561859
2009-12-10,67.870003,67.949997,67.510002,67.550003,34100,51.730354
2009-12-11,67.769997,68.190002,67.720001,67.93,32700,52.021347
2009-12-14,68.220001,68.470001,68,68.139999,46900,52.182163
2009-12-15,67.93,68.029999,67.769997,67.82,34200,51.937092
2009-12-16,67.93,68.199997,67.610001,67.68,22700,51.829884
2009-12-17,67.279999,67.339996,66.790001,66.82,41600,51.171303
2009-12-18,67.32,67.32,65.970001,66.629997,128500,51.025787
2009-12-21,66.790001,67.519997,66.760002,67.25,50700,51.500595
2009-12-22,65.839996,66.019997,65.5,65.790001,80300,51.719135
2009-12-23,66.029999,66.080002,65.720001,66.050003,65700,51.923531
2009-12-24,66.129997,66.279999,66.050003,66.220001,13500,52.057175
2009-12-28,66.519997,66.550003,66.209999,66.400002,47600,52.198669
2009-12-29,66.550003,66.690002,66.480003,66.550003,62400,52.316582
2009-12-30,66.290001,66.57,66.279999,66.489998,55800,52.269409
2009-12-31,66.620003,67.559998,65.690002,65.690002,44100,51.640526
2010-01-04,65.82,66.519997,65.800003,66.360001,85000,52.167217
2010-01-05,66.25,66.449997,66.080002,66.419998,72900,52.214386
2010-01-06,66.129997,66.440002,66.099998,66.410004,42800,52.206532
2010-01-07,66.400002,66.419998,65.980003,66.410004,26100,52.206532
2010-01-08,66.309998,66.309998,65.790001,66.050003,65800,51.923531
2010-01-11,66.199997,66.360001,65.650002,66.279999,51600,52.104343
2010-01-12,66.190002,66.580002,66.190002,66.580002,38900,52.340168
2010-01-13,66.610001,67.160004,66.610001,67.040001,66300,52.701797
2010-01-14,66.989998,67.089996,66.82,67,45400,52.670345
2010-01-15,66.970001,67.089996,66.379997,66.620003,38000,52.37162
2010-01-19,66.610001,67.089996,66.589996,67.040001,39200,52.701797
2010-01-20,66.720001,66.720001,66,66.540001,28400,52.308731
2010-01-21,66.699997,66.739998,65.440002,65.510002,35500,51.499027
2010-01-22,65.370003,65.809998,65.18,65.260002,150900,51.302494
2010-01-25,65.440002,65.849998,65.080002,65.389999,56700,51.404675
2010-01-26,65.199997,65.529999,65.010002,65.290001,35300,51.326077
2010-01-27,65.489998,65.489998,64.900002,65.43,52200,51.436127
2010-01-28,65.830002,65.989998,65.209999,65.220001,43900,51.271042
2010-01-29,65.529999,65.860001,65.029999,65.059998,37400,51.14526
2010-02-01,65.43,65.580002,65.019997,65.580002,36500,51.554054
2010-02-02,65.730003,66.459999,65.510002,66.410004,41000,52.206532
2010-02-03,66.089996,66.580002,65.860001,66.080002,142700,51.947121
2010-02-04,65.589996,65.589996,64.510002,64.529999,51100,50.728615
2010-02-05,64.410004,64.510002,63.77,64.480003,64800,50.689323
2010-02-08,64.529999,64.839996,64.300003,64.300003,64200,50.547806
2010-02-09,64.769997,65.449997,64.589996,65.150002,23300,51.216022
2010-02-10,64.940002,65.139999,64.68,65.089996,17600,51.168839
2010-02-11,64.879997,65.720001,64.709999,65.660004,61500,51.616943
2010-02-12,65.260002,65.68,65.010002,65.480003,29300,51.475437
2010-02-16,65.769997,66.330002,65.690002,66.32,45000,52.135773
2010-02-17,66.440002,66.830002,66.389999,66.800003,33700,52.513111
2010-02-18,66.730003,67.300003,66.690002,67.290001,89000,52.898331
2010-02-19,67.279999,67.559998,66.959999,67.389999,32200,52.97694
2010-02-22,67.589996,67.589996,67.18,67.300003,121000,52.906197
2010-02-23,67.300003,67.32,66.699997,66.919998,47700,52.60746
2010-02-24,67.120003,67.379997,66.900002,67.379997,24400,52.96907
2010-02-25,66.580002,67.389999,66.480003,67.389999,34800,52.97694
2010-02-26,67.300003,67.309998,66.809998,67.040001,25700,52.701797
2010-03-01,67.230003,67.510002,67.110001,67.5,52000,53.063412
2010-03-02,67.709999,68,67.620003,67.849998,133900,53.338551
2010-03-03,67.910004,68.120003,67.779999,67.940002,58100,53.409302
2010-03-04,67.980003,68.370003,67.980003,68.199997,33900,53.613686
2010-03-05,68.470001,68.610001,68.18,68.610001,36800,53.936008
2010-03-08,68.580002,68.650002,68.269997,68.379997,51600,53.755196
2010-03-09,68.279999,68.589996,68.209999,68.339996,37900,53.723747
2010-03-10,68.32,68.32,68.029999,68.199997,29800,53.613686
2010-03-11,68.089996,68.279999,67.779999,68.230003,30900,53.637272
2010-03-12,68.519997,68.519997,68.290001,68.389999,20000,53.763062
2010-03-15,68.349998,68.879997,68.349998,68.860001,34400,54.132534
2010-03-16,68.919998,69.209999,68.849998,69.209999,53900,54.407673
2010-03-17,69.260002,69.529999,69.18,69.5,20300,54.635651
2010-03-18,69.589996,69.589996,69.360001,69.440002,28400,54.588486
2010-03-19,69.279999,69.660004,69,69.279999,87100,54.462708
2010-03-22,69.019997,69.760002,69.010002,69.699997,59000,54.79287
2010-03-23,69.68,70.379997,69.650002,70.339996,41900,55.296001
2010-03-24,70.139999,70.209999,69.68,69.699997,175400,54.79287
2010-03-25,70.059998,70.089996,69.599998,69.620003,237300,54.729996
2010-03-26,69.760002,69.870003,69.489998,69.690002,29600,54.785019
2010-03-29,69.93,70.139999,69.779999,70.07,33800,55.083744
2010-03-30,70.199997,70.339996,69.949997,70.190002,52500,55.178085
2010-03-31,70.019997,70.050003,69.769997,69.790001,34200,54.863628
2010-04-01,69.980003,70.230003,69.889999,70.160004,25400,55.154499
2010-04-05,70.410004,70.410004,70.040001,70.190002,30500,55.178085
2010-04-06,69.970001,70.089996,69.900002,69.959999,36000,54.997284
2010-04-07,69.870003,69.870003,69.43,69.629997,32300,54.737843
2010-04-08,69.419998,69.720001,69.370003,69.669998,22100,54.769291
2010-04-09,69.610001,70.059998,69.610001,70.050003,44900,55.068027
2010-04-12,70.010002,70.220001,69.959999,70.150002,26700,55.146637
2010-04-13,70.059998,70.220001,69.699997,70.120003,38400,55.123051
2010-04-14,70.029999,70.239998,69.800003,70.239998,95900,55.217392
2010-04-15,70.050003,70.129997,69.830002,70.120003,35600,55.123051
2010-04-16,69.959999,70.379997,69.68,69.889999,45700,54.942242
2010-04-19,69.809998,70.040001,69.589996,70.040001,163400,55.06015
2010-04-20,70.120003,70.290001,70.019997,70.290001,80100,55.256699
2010-04-21,70.25,70.379997,70.050003,70.190002,36200,55.178085
2010-04-22,69.959999,70.169998,69.68,70.139999,88500,55.138779
2010-04-23,70.099998,70.129997,69.669998,70.07,26800,55.083744
2010-04-26,70.129997,70.269997,69.910004,69.93,47000,54.97369
2010-04-27,69.599998,69.739998,68.650002,68.730003,68200,54.03035
2010-04-28,68.900002,69.339996,68.739998,69.169998,48700,54.376244
2010-04-29,69.410004,69.75,69.150002,69.489998,32100,54.627789
2010-04-30,69.910004,69.910004,69.059998,69.059998,55800,54.289772
2010-05-03,69.120003,69.620003,69.029999,69.419998,50400,54.572765
2010-05-04,68.940002,69.279999,68.660004,68.739998,86100,54.0382
2010-05-05,68.639999,69.110001,68.639999,68.860001,45000,54.132534
2010-05-06,68.900002,68.900002,30,67.099998,299200,52.748955
2010-05-07,66.68,67.239998,66.099998,66.620003,214400,52.37162
2010-05-10,69.190002,69.190002,67.620003,68.5,106200,53.849537
2010-05-11,68.389999,69.080002,68.209999,68.510002,45600,53.857395
2010-05-12,68.720001,69.160004,68.540001,69.080002,56200,54.305504
2010-05-13,69.089996,69.389999,68.769997,68.769997,37000,54.061779
2010-05-14,68.410004,68.620003,67.830002,68.110001,31300,53.542946
2010-05-17,68.199997,68.760002,67.889999,68.68,75400,53.991039
2010-05-18,69.129997,69.300003,68.370003,68.400002,81500,53.770912
2010-05-19,68,68.400002,67.709999,68.220001,58300,53.629417
2010-05-20,66.970001,67.150002,66,66,111400,51.884216
2010-05-21,64.220001,66.290001,64.220001,66.290001,225300,52.112194
2010-05-24,65.93,66.300003,65.690002,65.720001,88100,51.664104
2010-05-25,64.720001,65.129997,64.209999,65.129997,60700,51.200294
2010-05-26,65.559998,65.650002,64.639999,64.650002,83400,50.822952
2010-05-27,65.559998,65.989998,65.25,65.970001,335400,51.86063
2010-05-28,66.050003,66.160004,65.629997,65.629997,42200,51.593357
2010-06-01,64.970001,66.279999,64.970001,65.5,57200,51.491161
2010-06-02,65.68,66.629997,65.589996,66.629997,28500,52.379475
2010-06-03,66.910004,66.910004,66.360001,66.730003,41300,52.458092
2010-06-04,65.730003,65.830002,64.800003,64.980003,24200,51.082378
2010-06-07,64.989998,65.32,64.410004,64.410004,53900,50.634285
2010-06-08,64.400002,65.370003,64.400002,65.349998,54300,51.37323
2010-06-09,65.620003,65.989998,65.18,65.290001,28200,51.326077
2010-06-10,66.190002,66.400002,65.989998,66.269997,15900,52.096474
2010-06-11,65.93,66.050003,65.480003,66.050003,22500,51.923531
2010-06-14,66.610001,66.68,66.239998,66.239998,46000,52.072887
2010-06-15,66.830002,67.080002,66.57,67.080002,53400,52.73325
2010-06-16,66.709999,66.860001,66.550003,66.660004,36100,52.403076
2010-06-17,67.07,67.169998,66.57,67.160004,18800,52.796127
2010-06-18,67.360001,67.489998,67.029999,67.029999,19700,52.693928
2010-06-21,67.779999,67.779999,66.57,66.75,49900,52.47382
2010-06-22,66.730003,66.949997,66.080002,66.120003,23900,51.978565
2010-06-23,66.080002,66.400002,65.970001,66.25,14200,52.080757
2010-06-24,65.940002,66.099998,65.519997,65.610001,31300,51.577637
2010-06-25,65.580002,65.639999,64.910004,65.029999,24700,51.121685
2010-06-28,65.300003,65.699997,64.900002,65.519997,46700,51.506886
2010-06-29,64.75,65.019997,64.239998,64.400002,34000,50.626423
2010-06-30,64.349998,64.470001,63.77,63.91,56300,50.241219
2010-07-01,63.82,64.129997,63.380001,63.990002,65700,50.304119
2010-07-02,64.220001,64.220001,63.639999,63.830002,24000,50.178329
2010-07-06,64.209999,64.690002,63.75,64.110001,35200,50.398445
2010-07-07,64.239998,65.449997,64.099998,65.440002,27300,51.443989
2010-07-08,65.910004,66.389999,65.769997,66.389999,21700,52.190807
2010-07-09,66.32,66.5,66.190002,66.5,16900,52.277287
2010-07-12,66.519997,66.610001,66.32,66.589996,30000,52.348034
2010-07-13,67.209999,67.349998,66.830002,67.209999,83400,52.835438
2010-07-14,67.029999,67.339996,66.889999,67.309998,25500,52.914036
2010-07-15,67.419998,67.540001,66.879997,67.419998,16600,53.000523
2010-07-16,67.440002,67.57,66.400002,66.510002,17400,52.285145
2010-07-19,66.769997,66.790001,66.349998,66.550003,29600,52.316582
2010-07-20,66.190002,67.470001,66.190002,67.459999,129600,53.031971
2010-07-21,67.720001,67.720001,66.599998,66.790001,14800,52.505257
2010-07-22,67.57,67.709999,67.32,67.43,16800,53.008385
2010-07-23,67.290001,68.279999,67.239998,68.279999,17600,53.676575
2010-07-26,68.449997,68.610001,68.209999,68.599998,75300,53.92815
2010-07-27,68.879997,68.980003,68.669998,68.959999,32100,54.211151
2010-07-28,68.699997,68.839996,68.410004,68.5,92500,53.849537
2010-07-29,68.269997,68.400002,67.349998,67.690002,39500,53.21278
2010-07-30,67.059998,68.040001,67.059998,67.93,17600,53.401447
2010-08-02,68.540001,68.690002,68.300003,68.629997,107300,53.951714
2010-08-03,68.449997,68.449997,67.93,68.150002,44800,53.57439
2010-08-04,68.309998,68.540001,68.010002,68.400002,25000,53.770912
2010-08-05,68.059998,68.120003,67.910004,68.059998,27600,53.503643
2010-08-06,68.019997,68.25,67.550003,68.25,18700,53.652996
2010-08-09,68.440002,68.769997,68.370003,68.639999,66700,53.959579
2010-08-10,68.279999,69,68.199997,68.739998,16300,54.0382
2010-08-11,68.230003,68.230003,67.449997,67.5,22700,53.063412
2010-08-12,66.559998,67.459999,66.029999,67.349998,654700,52.945488
2010-08-13,67.089996,67.529999,67.089996,67.339996,53500,52.937622
2010-08-16,67.029999,67.400002,66.75,67.349998,22200,52.945488
2010-08-17,67.709999,68.349998,67.57,67.980003,20700,53.440754
2010-08-18,68.040001,68.269997,67.639999,68.059998,60300,53.503643
2010-08-19,67.769997,67.769997,67,67.260002,24200,52.874744
2010-08-20,67.029999,67.269997,66.959999,67.199997,29600,52.827572
2010-08-23,67.480003,67.699997,67.269997,67.300003,80300,52.906197
2010-08-24,66.699997,67.309998,66.559998,66.989998,23200,52.662491
2010-08-25,66.629997,67.349998,66.620003,67.150002,41100,52.788269
2010-08-26,67.220001,67.220001,66.580002,66.660004,20900,52.403076
2010-08-27,67.190002,67.220001,66.239998,67.169998,31700,52.803986
2010-08-30,67.330002,67.330002,66.620003,66.629997,90800,52.379475
2010-08-31,66.370003,67.010002,66.300003,66.699997,28600,52.434513
2010-09-01,67.580002,67.949997,67.330002,67.900002,61400,53.377872000000004
2010-09-02,67.949997,68.290001,67.870003,68.290001,29000,53.684441
2010-09-03,68.769997,68.769997,68.339996,68.730003,16800,54.03035
2010-09-07,68.68,68.730003,68.370003,68.419998,17000,53.78664
2010-09-08,68.589996,68.849998,68.550003,68.690002,29900,53.998905
2010-09-09,69.25,69.25,68.790001,68.940002,20900,54.195423
2010-09-10,69.07,69.379997,68.989998,69.279999,32600,54.462708
2010-09-13,70.07,70.07,69.199997,69.43,25600,54.580635
2010-09-14,69.300003,69.699997,69.260002,69.440002,63700,54.588486
2010-09-15,69.480003,70.019997,69.379997,70,21800,55.028717
2010-09-16,69.809998,69.93,69.580002,69.919998,15200,54.965824
2010-09-17,70.139999,70.330002,69.839996,69.839996,17000,54.902943
2010-09-20,69.93,70.690002,69.919998,70.599998,20400,55.500389
2010-09-21,70.550003,70.68,70.160004,70.489998,62200,55.413921
2010-09-22,70.410004,70.720001,70.410004,70.559998,39100,55.468952
2010-09-23,70.099998,70.470001,69.959999,70.099998,33400,55.10733
2010-09-24,70.830002,71.139999,70.559998,71,21900,55.814838
2010-09-27,71.150002,71.190002,70.690002,70.709999,31400,55.586876
2010-09-28,70.809998,71.349998,70.449997,71.25,35000,56.011372
2010-09-29,70.989998,71.18,70.779999,70.959999,30600,55.783398
2010-09-30,71.32,71.389999,70.419998,70.68,76200,55.563274
2010-10-01,71.089996,71.089996,70.470001,70.849998,49300,55.696922
2010-10-04,70.93,70.989998,70.360001,70.559998,26900,55.468952
2010-10-05,71.25,71.389999,70.970001,71.290001,24900,56.042824
2010-10-06,71.290001,71.580002,71.290001,71.5,15600,56.20789
2010-10-07,71.769997,71.769997,71.029999,71.279999,26900,56.034954
2010-10-08,71.269997,71.580002,71.129997,71.480003,17200,56.192184
2010-10-11,71.639999,71.639999,71.400002,71.540001,17300,56.239342
2010-10-12,71.57,71.860001,71.360001,71.760002,30600,56.412296
2010-10-13,72.019997,72.639999,71.959999,72.309998,34400,56.844662
2010-10-14,72.330002,72.580002,72.129997,72.410004,44200,56.923279
2010-10-15,72.620003,72.980003,72.349998,72.589996,43600,57.064774
2010-10-18,72.849998,72.849998,72.550003,72.720001,48300,57.166981
2010-10-19,72.360001,72.459999,71.75,71.970001,35400,56.577396
2010-10-20,72.099998,72.779999,72.099998,72.489998,23000,56.986176
2010-10-21,72.760002,73.110001,72.379997,72.709999,18800,57.159134
2010-10-22,73.059998,73.059998,72.790001,72.940002,30800,57.339928
2010-10-25,73.160004,73.480003,73.089996,73.089996,50300,57.45784
2010-10-26,72.779999,72.830002,72.540001,72.760002,27300,57.198437
2010-10-27,72.5,72.519997,71.970001,72.5,20100,56.99403
2010-10-28,72.870003,72.870003,72.349998,72.639999,29100,57.104095
2010-10-29,72.599998,72.889999,72.599998,72.860001,10400,57.277031
2010-11-01,73.099998,73.239998,72.470001,72.769997,118200,57.20628
2010-11-02,73.099998,73.160004,72.989998,73.07,28200,57.44212
2010-11-03,73.309998,73.309998,72.82,73.25,19800,57.583618
2010-11-04,73.900002,74.169998,73.709999,74.139999,33000,58.283272
2010-11-05,74.300003,74.300003,73.629997,73.900002,133300,58.094601
2010-11-08,73.510002,73.779999,73.43,73.660004,57500,57.905952
2010-11-09,73.839996,73.839996,73.190002,73.349998,31300,57.66222
2010-11-10,73.379997,73.379997,72.849998,73.239998,19200,57.57576
2010-11-11,73.029999,73.190002,72.910004,73.169998,17600,57.520733
2010-11-12,72.949997,73.050003,72.660004,72.919998,27600,57.3242
2010-11-15,73.110001,73.220001,72.879997,72.910004,25800,57.316345
2010-11-16,72.669998,72.889999,71.900002,72.139999,22000,56.711033
2010-11-17,72.099998,72.309998,72.050003,72.129997,23200,56.703167
2010-11-18,72.75,73.209999,72.690002,73.07,18900,57.44212
2010-11-19,73.230003,73.25,72.82,73.25,54900,57.583618
2010-11-22,72.93,73.279999,72.629997,73.199997,27300,57.544312
2010-11-23,72.589996,72.610001,72.25,72.459999,26100,56.962578
2010-11-24,72.910004,73.029999,72.709999,73.029999,9900,57.410671
2010-11-26,72.550003,72.870003,72.510002,72.650002,6800,57.111958
2010-11-29,72.43,72.57,71.919998,72.480003,65200,56.978321
2010-11-30,71.870003,72.449997,71.870003,72.169998,30600,56.734615
2010-12-01,73.029999,73.43,72.809998,73.260002,35000,57.591469
2010-12-02,73.339996,73.400002,73.129997,73.360001,49700,57.67009
2010-12-03,73.160004,73.470001,73.160004,73.449997,28900,57.740856
2010-12-06,73.449997,73.449997,73.260002,73.309998,36700,57.630787
2010-12-07,73.849998,73.879997,73.559998,73.610001,26300,57.866638
2010-12-08,73.699997,73.849998,73.540001,73.849998,25700,58.055294
2010-12-09,74.239998,74.239998,73.900002,74.089996,29900,58.243965
2010-12-10,74.190002,74.330002,74.07,74.199997,26300,58.330441
2010-12-13,74.480003,74.480003,74.150002,74.190002,45400,58.322582
2010-12-14,74.309998,74.599998,74.309998,74.5,71600,58.566284
2010-12-15,74.419998,74.720001,74.419998,74.550003,39300,58.605591
2010-12-16,74.75,75.190002,74.379997,75.190002,21200,59.108704
2010-12-17,75.139999,75.370003,75.040001,75.370003,36600,59.250221
2010-12-20,75.589996,75.589996,75.18,75.309998,41800,59.203041
2010-12-21,75.489998,75.550003,75.07,75.169998,45100,59.092979
2010-12-22,73.529999,73.540001,73.230003,73.540001,26000,59.315605
2010-12-23,73.470001,73.639999,73.449997,73.550003,23000,59.323658
2010-12-27,73.510002,73.510002,73.209999,73.290001,21300,59.113945
2010-12-28,73.290001,73.43,73.160004,73.410004,44100,59.210743
2010-12-29,73.589996,73.589996,73.370003,73.419998,52700,59.218815
2010-12-30,73.480003,73.5,73.269997,73.419998,36400,59.218815
2010-12-31,73.370003,73.519997,73.25,73.389999,22200,59.194614
2011-01-03,73.809998,73.809998,73.43,73.510002,60200,59.291409
2011-01-04,73.639999,73.639999,73.059998,73.199997,58400,59.041363
2011-01-05,72.970001,73.410004,72.970001,73.290001,23800,59.113945
2011-01-06,73.360001,73.360001,72.910004,73.019997,92200,58.896179
2011-01-07,72.959999,72.959999,72.449997,72.709999,100200,58.646152
2011-01-10,72.589996,72.769997,72.389999,72.709999,78300,58.646152
2011-01-11,72.970001,72.970001,72.580002,72.699997,33400,58.638069
2011-01-12,72.949997,73.400002,72.910004,73.269997,50300,59.09782
2011-01-13,73.25,73.540001,73.25,73.5,41100,59.283333
2011-01-14,73.550003,73.550003,73.300003,73.519997,50600,59.299469
2011-01-18,73.550003,73.709999,73.440002,73.540001,46200,59.315605
2011-01-19,73.559998,73.559998,73.129997,73.269997,37400,59.09782
2011-01-20,73.25,73.709999,73.25,73.559998,25500,59.331734
2011-01-21,73.949997,73.949997,73.470001,73.589996,36400,59.355934
2011-01-24,73.639999,73.860001,73.5,73.839996,42200,59.557568
2011-01-25,73.730003,74.029999,73.620003,73.980003,47800,59.670479
2011-01-26,74.129997,74.129997,73.809998,73.870003,28900,59.581776
2011-01-27,73.690002,73.690002,73.040001,73.230003,44700,59.065559
2011-01-28,73.209999,73.43,72.269997,72.360001,37400,58.363831
2011-01-31,72.379997,72.410004,72,72.209999,85000,58.242851
2011-02-01,72.309998,72.93,72.309998,72.739998,51900,58.670338
2011-02-02,72.669998,72.669998,72.239998,72.43,97200,58.4203
2011-02-03,72.389999,72.870003,72.389999,72.809998,44300,58.726784
2011-02-04,72.849998,73.209999,72.75,73.190002,26000,59.033302
2011-02-07,73.300003,73.5,73.150002,73.32,48200,59.138142
2011-02-08,73.419998,73.68,73.32,73.669998,195600,59.420456
2011-02-09,73.580002,73.889999,73.580002,73.870003,26300,59.581776
2011-02-10,73.800003,73.800003,73.25,73.519997,36100,59.299469
2011-02-11,73.330002,74.029999,73.25,74,35400,59.686619
2011-02-14,73.93,73.959999,73.589996,73.699997,34600,59.44466
2011-02-15,73.669998,73.769997,73.5,73.68,20100,59.428535
2011-02-16,73.860001,74,73.739998,73.919998,28900,59.622089
2011-02-17,73.830002,74.459999,73.790001,74.459999,52700,60.057648
2011-02-18,74.43,74.629997,74.279999,74.580002,56000,60.154446
2011-02-22,73.989998,74.489998,73.879997,74.040001,42600,59.718891
2011-02-23,73.919998,74.199997,73.75,73.809998,28000,59.533367
2011-02-24,73.629997,73.910004,73.239998,73.540001,23500,59.315605
2011-02-25,73.540001,74,73.540001,73.949997,44200,59.64629
2011-02-28,74.209999,74.5,74.080002,74.260002,20300,59.896347
2011-03-01,74.669998,74.690002,73.790001,73.800003,39000,59.525307
2011-03-02,73.669998,73.800003,73.440002,73.629997,38400,59.388187
2011-03-03,74.190002,74.5,73.959999,74.410004,21900,60.017323
2011-03-04,74.489998,74.489998,73.730003,74.080002,50800,59.751152
2011-03-07,74.120003,74.269997,73.620003,73.790001,22500,59.517254
2011-03-08,73.879997,74.5,73.879997,74.449997,33400,60.049591
2011-03-09,74.470001,74.910004,74.32,74.82,24400,60.348019
2011-03-10,74.459999,74.839996,74.309998,74.419998,18500,60.025391
2011-03-11,74.199997,74.629997,74.059998,74.489998,23700,60.081844
2011-03-14,74.129997,74.129997,73.580002,73.919998,19000,59.622089
2011-03-15,73.050003,73.480003,72.589996,73.190002,36000,59.033302
2011-03-16,72.949997,73,71.889999,72.169998,105100,58.21059
2011-03-17,73.150002,73.150002,72.400002,72.620003,26600,58.573555
2011-03-18,73.370003,73.410004,72.790001,73.129997,28000,58.984901
2011-03-21,73.849998,74.230003,73.559998,74.099998,71900,59.767281
2011-03-22,74.110001,74.199997,73.959999,74.059998,34000,59.735008
2011-03-23,73.870003,74.32,73.779999,74.300003,18000,59.928593
2011-03-24,74.68,74.949997,74.57,74.849998,17800,60.372208
2011-03-25,75.010002,75.150002,74.870003,74.93,63300,60.436733
2011-03-28,75.120003,75.5,74.870003,74.870003,74500,60.38834
2011-03-29,74.809998,75.260002,74.809998,75.230003,89000,60.678719
2011-03-30,75.470001,75.809998,75.470001,75.699997,43200,61.057789
2011-03-31,75.599998,75.800003,75.57,75.589996,44100,60.969067
2011-04-01,75.959999,76.160004,75.800003,76.040001,41500,61.332043
2011-04-04,76.199997,76.199997,76.010002,76.169998,23500,61.436893
2011-04-05,76.019997,76.459999,76.019997,76.309998,12800,61.549809
2011-04-06,76.419998,76.699997,76.419998,76.599998,33800,61.783733
2011-04-07,76.5,76.660004,76.269997,76.650002,30600,61.824051
2011-04-08,76.870003,76.870003,76.169998,76.410004,196500,61.630474
2011-04-11,76.559998,77.040001,76.559998,76.769997,28600,61.920841
2011-04-12,76.440002,77.059998,76.440002,76.949997,46500,62.066025
2011-04-13,77.18,77.18,76.830002,76.980003,49300,62.090214
2011-04-14,76.720001,77.57,76.699997,77.449997,51900,62.469322
2011-04-15,77.57,77.919998,77.43,77.870003,36500,62.808071
2011-04-18,77.519997,77.519997,76.980003,77.330002,193800,62.372524
2011-04-19,77.330002,77.489998,77.07,77.489998,27900,62.501564
2011-04-20,78.160004,78.160004,77.839996,77.919998,40000,62.848404
2011-04-21,78.269997,78.269997,77.830002,77.949997,31400,62.872593
2011-04-25,77.839996,77.860001,77.459999,77.68,119200,62.654808
2011-04-26,77.900002,78.330002,77.650002,78.25,45600,63.114563
2011-04-27,78.360001,78.779999,78.360001,78.760002,42300,63.525936
2011-04-28,78.720001,79.379997,78.5,79.309998,77000,63.969536
2011-04-29,79.370003,79.650002,79.32,79.57,76000,64.179253
2011-05-02,79.879997,79.879997,79.529999,79.620003,58000,64.219582
2011-05-03,79.57,79.849998,79.510002,79.82,62700,64.380905
2011-05-04,79.879997,80.099998,79.709999,79.800003,76000,64.364754
2011-05-05,79.690002,79.779999,79,79.209999,53500,63.888882
2011-05-06,79.889999,80.080002,79.25,79.419998,41300,64.058266
2011-05-09,79.550003,79.839996,79.400002,79.709999,87600,64.292168
2011-05-10,79.839996,80.290001,79.839996,80.239998,34600,64.719658
2011-05-11,80.230003,80.510002,79.82,80.129997,62100,64.630943
2011-05-12,79.980003,81.269997,79.980003,81.209999,251300,65.502045
2011-05-13,81.309998,81.519997,80.959999,81.129997,71300,65.437508
2011-05-16,80.949997,81.309998,80.889999,81.050003,148000,65.372978
2011-05-17,80.970001,81.43,80.900002,81.25,53100,65.534302
2011-05-18,81.349998,81.540001,81,81.489998,61200,65.727882
2011-05-19,81.730003,81.879997,81.400002,81.849998,55500,66.018242
2011-05-20,81.82,81.900002,81.410004,81.589996,38400,65.808525
2011-05-23,81.169998,81.25,80.779999,81.040001,55000,65.364922000000007
2011-05-24,81.239998,81.239998,80.889999,80.970001,39000,65.308464
2011-05-25,80.699997,80.699997,80.160004,80.470001,54800,64.905167
2011-05-26,80.32,80.779999,80.059998,80.629997,52000,65.034218
2011-05-27,80.82,81.269997,80.82,80.970001,23400,65.308464
2011-05-31,81.519997,81.720001,81.25,81.720001,47100,65.913383
2011-06-01,81.459999,81.669998,80.769997,80.839996,102800,65.203583
2011-06-02,80.940002,80.940002,79.699997,79.989998,46100,64.518005
2011-06-03,79.25,79.519997,79.050003,79.160004,41700,63.848564
2011-06-06,78.980003,79.099998,78.699997,78.699997,260300,63.477535
2011-06-07,79.059998,79.059998,78.550003,78.550003,46500,63.356556
2011-06-08,78.43,78.669998,78.220001,78.5,54600,63.316216
2011-06-09,78.650002,79.330002,78.489998,78.970001,37600,63.695309
2011-06-10,78.720001,78.739998,78,78.040001,99100,62.945194
2011-06-13,78.150002,78.709999,78.050003,78.389999,111700,63.227493
2011-06-14,79.010002,79.519997,78.849998,79.25,124000,63.921146
2011-06-15,78.839996,78.970001,77.860001,78.160004,28100,63.041985
2011-06-16,78.209999,78.910004,78.199997,78.75,43100,63.517868
2011-06-17,79.440002,79.599998,79.139999,79.18,26000,63.864681
2011-06-20,79.040001,79.879997,79.040001,79.760002,60500,64.332512
2011-06-21,79.980003,79.980003,79.629997,79.870003,58500,64.421227
2011-06-22,79.730003,79.75,79.300003,79.360001,28900,64.009865
2011-06-23,78.769997,78.769997,77.93,78.57,52900,63.372677
2011-06-24,78.760002,78.760002,78.029999,78.099998,14400,62.993587
2011-06-27,78.160004,78.720001,78.160004,78.470001,110000,63.292034
2011-06-28,78.809998,78.879997,78.599998,78.879997,30300,63.622704
2011-06-29,79.199997,79.419998,79.080002,79.25,482900,63.921146
2011-06-30,79.43,79.919998,79.43,79.919998,41200,64.461548
2011-07-01,79.870003,80.550003,79.580002,80.470001,90200,64.905167
2011-07-05,80.510002,80.779999,80.339996,80.459999,132900,64.897095
2011-07-06,80.519997,81.07,80.519997,80.940002,47400,65.284256
2011-07-07,81.589996,81.669998,81.379997,81.470001,58500,65.711746
2011-07-08,80.949997,81.239998,80.769997,81.239998,35700,65.52623
2011-07-11,80.459999,80.720001,80.400002,80.559998,76100,64.977768
2011-07-12,80.43,80.900002,80.269997,80.349998,43700,64.808372
2011-07-13,80.760002,80.760002,80.290001,80.419998,57900,64.86483
2011-07-14,80.360001,80.589996,79.839996,80,122400,64.526085
2011-07-15,80.260002,80.260002,79.660004,80.160004,61100,64.655151
2011-07-18,79.900002,79.919998,79.18,79.650002,51400,64.243774
2011-07-19,80.010002,80.970001,79.989998,80.919998,33000,65.268127
2011-07-20,81.089996,81.089996,80.489998,80.720001,24400,65.106819
2011-07-21,81.010002,81.389999,80.790001,81.260002,41200,65.542358
2011-07-22,81.290001,81.370003,80.980003,81.139999,27000,65.445572
2011-07-25,80.379997,80.690002,80.279999,80.309998,26600,64.776115
2011-07-26,80.419998,80.5,80.040001,80.139999,24000,64.639015
2011-07-27,79.760002,79.900002,79.040001,79.150002,48900,63.840492
2011-07-28,79.260002,79.919998,79.199997,79.220001,222100,63.896954
2011-07-29,78.610001,79.410004,78.610001,78.769997,53000,63.533989
2011-08-01,79.470001,79.470001,77.839996,78.540001,102300,63.348484
2011-08-02,77.949997,78.339996,77.5,77.559998,49200,62.558033
2011-08-03,77.68,78.050003,76.940002,78.050003,95800,62.953247
2011-08-04,77.349998,77.709999,75.32,75.43,109900,60.840038
2011-08-05,76.25,76.93,74.699997,76.550003,119900,61.743385
2011-08-08,74.919998,76.019997,73.32,73.379997,368200,59.18655
2011-08-09,74.459999,75.199997,71.739998,75.199997,286200,60.654514
2011-08-10,74.400002,74.400002,72.459999,72.709999,147100,58.646152
2011-08-11,72.980003,75.599998,72.730003,74.790001,66500,60.323799
2011-08-12,75.68,75.949997,74.900002,75.589996,49300,60.969067
2011-08-15,76.129997,76.690002,75.629997,76.610001,230600,61.791798
2011-08-16,76.370003,77.089996,76.169998,76.699997,121300,61.86438
2011-08-17,76.860001,77.629997,76.739998,77.199997,42400,62.267662
2011-08-18,76.160004,76.349998,74.940002,75.68,119800,61.041672
2011-08-19,74.940002,76.480003,74.940002,75.050003,83600,60.533539
2011-08-22,76.370003,76.370003,75.150002,75.279999,40400,60.71904
2011-08-23,75.599998,77.07,75.389999,77.010002,54200,62.114422
2011-08-24,77.169998,77.540001,76.699997,77.5,88200,62.509647
2011-08-25,77.709999,77.709999,76.099998,76.309998,91800,61.549809
2011-08-26,75.870003,77.160004,74.900002,76.989998,76700,62.098297
2011-08-29,77.639999,78.480003,77.639999,78.480003,83100,63.300087
2011-08-30,78.410004,79.129997,77.93,78.75,120700,63.517868
2011-08-31,79.120003,79.459999,78.639999,78.949997,66600,63.679169
2011-09-01,79.029999,79.610001,78.550003,78.620003,52500,63.413006
2011-09-02,77.639999,78.080002,77.440002,77.449997,264900,62.469322
2011-09-06,76.019997,77.290001,75.699997,77.190002,136800,62.259609
2011-09-07,78.150002,78.559998,77.830002,78.540001,74000,63.348484
2011-09-08,78.410004,79.07,78.309998,78.309998,73200,63.162983
2011-09-09,77.809998,77.809998,76.25,76.610001,40600,61.791798
2011-09-12,75.809998,76.68,75.519997,76.660004,306600,61.832104
2011-09-13,76.949997,77.190002,76.410004,77.099998,75400,62.187012
2011-09-14,77.550003,78.639999,77,77.949997,35400,62.872593
2011-09-15,78.620003,78.879997,77.949997,78.879997,41500,63.622704
2011-09-16,79.449997,79.57,79.019997,79.339996,39000,63.993732
2011-09-19,78.489998,78.879997,78.150002,78.709999,35700,63.485592
2011-09-20,79.199997,79.639999,78.739998,78.739998,68900,63.509796
2011-09-21,78.940002,79.040001,77.389999,77.389999,149400,62.420921
2011-09-22,75.809998,76.010002,75.080002,75.830002,78800,61.16267
2011-09-23,75.769997,76.050003,75.25,75.769997,58400,61.11425
2011-09-26,76.57,77.290001,75.959999,77.260002,38400,62.316063
2011-09-27,78.410004,78.580002,77.580002,77.800003,55400,62.751625
2011-09-28,77.970001,78.080002,76.370003,76.419998,26300,61.638531
2011-09-29,77.610001,77.769997,76.139999,77.029999,38400,62.130543
2011-09-30,76.379997,77.269997,76.190002,76.230003,49100,61.485291
2011-10-03,75.980003,76.360001,74.839996,74.839996,97400,60.36414
2011-10-04,74.089996,75.470001,73.379997,75.470001,90400,60.872303
2011-10-05,75.690002,75.739998,75.129997,75.699997,38000,61.057789
2011-10-06,75.730003,76.599998,75.519997,76.580002,37700,61.767582
2011-10-07,77.080002,77.559998,76.580002,76.980003,45300,62.090214
2011-10-10,77.959999,78.169998,77.620003,78.169998,43300,63.05003
2011-10-11,78,78.25,77.809998,78.050003,66800,62.953247
2011-10-12,78.769997,79.199997,78.480003,78.68,57400,63.461399
2011-10-13,78.309998,78.760002,78,78.580002,39000,63.380753
2011-10-14,79.300003,79.300003,78.709999,79.269997,65000,63.937279
2011-10-17,79.120003,79.25,78.220001,78.290001,56400,63.146858
2011-10-18,78.43,79.540001,77.910004,78.970001,68300,63.695309
2011-10-19,78.989998,79.519997,78.629997,78.650002,145300,63.437199
2011-10-20,78.82,79.360001,78.620003,78.970001,100300,63.695309
2011-10-21,79.889999,80.32,79.769997,80.32,98700,64.784195
2011-10-24,80.300003,80.300003,79.699997,80.019997,144300,64.542213
2011-10-25,79.769997,79.839996,78.760002,78.870003,35200,63.614635
2011-10-26,79.610001,79.610001,78.489998,79.529999,53900,64.146988
2011-10-27,80.669998,81.080002,80,80.709999,156000,65.098755
2011-10-28,80.879997,80.879997,80.349998,80.75,87700,65.130989
2011-10-31,80.120003,80.480003,79.650002,79.650002,79200,64.243774
2011-11-01,78.010002,78.849998,77.889999,78.139999,76100,63.025841
2011-11-02,78.860001,78.93,78.389999,78.830002,58500,63.582397
2011-11-03,79.510002,79.910004,79.110001,79.860001,67300,64.413155
2011-11-04,79.43,79.510002,78.910004,79.480003,56000,64.106667
2011-11-07,79.199997,79.900002,78.849998,79.879997,311100,64.429291
2011-11-08,80.110001,80.779999,79.690002,80.739998,40500,65.122917
2011-11-09,79.629997,79.68,78.639999,78.82,69200,63.57431
2011-11-10,79.57,79.57,78.690002,79.309998,83200,63.969536
2011-11-11,80.010002,80.419998,79.970001,80.25,33300,64.727722
2011-11-14,80.040001,80.040001,79.480003,79.75,75600,64.324455
2011-11-15,79.709999,80.389999,79.529999,80.169998,62700,64.6632
2011-11-16,79.68,80.550003,79.440002,79.470001,94800,64.09861
2011-11-17,79.389999,79.800003,78.599998,79.110001,60700,63.808235
2011-11-18,79.269997,79.519997,79.010002,79.330002,40600,63.985676
2011-11-21,78.510002,78.720001,77.739998,78.139999,155100,63.025841
2011-11-22,78,78.620003,77.800003,78.099998,60700,62.993587
2011-11-23,77.57,77.639999,77,77.239998,78700,62.299931
2011-11-25,77.120003,77.879997,77.120003,77.400002,16500,62.428978
2011-11-28,78.400002,78.730003,78.18,78.620003,113100,63.413006
2011-11-29,79,79.690002,78.82,79.349998,68700,64.001808
2011-11-30,80.769997,81.330002,80.730003,81.269997,135400,65.550438
2011-12-01,81.150002,81.830002,81.019997,81.120003,60900,65.429443
2011-12-02,81.709999,81.709999,80.919998,81.080002,57200,65.397179
2011-12-05,81.790001,81.790001,80.989998,81.339996,61500,65.606888
2011-12-06,81.300003,81.839996,81.150002,81.589996,43400,65.808525
2011-12-07,81.629997,81.970001,81,81.709999,53000,65.905312
2011-12-08,81.5,81.5,80.68,80.769997,53200,65.147125
2011-12-09,81.220001,81.849998,81.07,81.699997,43200,65.897247
2011-12-12,81.360001,81.449997,80.480003,81.040001,99500,65.364922000000007
2011-12-13,81.449997,81.589996,80.459999,80.629997,79500,65.034218
2011-12-14,80.349998,80.720001,80.07,80.139999,81400,64.639015
2011-12-15,80.879997,81.129997,80.709999,80.940002,68900,65.284256
2011-12-16,81.459999,81.589996,80.769997,81.050003,63000,65.372978
2011-12-19,81.099998,81.68,80.470001,80.669998,73900,65.066483
2011-12-20,81.510002,82.370003,81.459999,82.32,74200,66.397346
2011-12-21,80.360001,81.300003,80.330002,81.279999,69200,67.102364
2011-12-22,81.470001,81.470001,80.879997,81.099998,65500,66.953758
2011-12-23,81.349998,81.82,81.160004,81.739998,44500,67.482124
2011-12-27,81.879997,82.07,81.669998,81.82,80700,67.548187
2011-12-28,81.900002,81.900002,81.25,81.290001,130100,67.110649
2011-12-29,81.650002,81.959999,81.349998,81.93,52100,67.638992
2011-12-30,81.849998,81.849998,81.459999,81.470001,63000,67.259247
2012-01-03,82.080002,82.25,81.489998,81.489998,349500,67.275749
2012-01-04,81.400002,81.419998,81.019997,81.269997,191500,67.094116
2012-01-05,81.059998,81.239998,80.699997,81.150002,105100,66.995041
2012-01-06,81.32,81.32,80.510002,80.660004,243000,66.5905
2012-01-09,80.830002,80.870003,80.5,80.769997,211000,66.681313
2012-01-10,81.360001,81.360001,81.040001,81.150002,96400,66.995041
2012-01-11,80.919998,80.919998,80.519997,80.669998,77500,66.59877
2012-01-12,81.059998,81.059998,80.480003,80.709999,77700,66.631798
2012-01-13,80.349998,80.629997,80.120003,80.589996,75300,66.532722
2012-01-17,81.239998,81.32,80.940002,80.959999,144400,66.838188
2012-01-18,81,81.230003,80.790001,81.169998,76700,67.011543
2012-01-19,81.339996,81.540001,81,81.309998,112200,67.127151
2012-01-20,81.279999,81.519997,81,81.480003,619800,67.267494
2012-01-23,81.5,81.5,80.989998,81.360001,53800,67.168427
2012-01-24,81.050003,81.129997,80.870003,81.050003,95400,66.912491
2012-01-25,80.940002,81.959999,80.699997,81.879997,78900,67.597717
2012-01-26,82,82.239998,81.370003,81.589996,56300,67.358307
2012-01-27,81.470001,81.489998,80.870003,81.059998,86200,66.920761
2012-01-30,80.730003,80.75,80.32,80.650002,105600,66.582275
2012-01-31,80.980003,80.980003,80.239998,80.610001,93900,66.549255
2012-02-01,81.160004,81.559998,81.080002,81.25,117100,67.077606
2012-02-02,81.459999,81.720001,81.339996,81.599998,71700,67.366531
2012-02-03,82.110001,82.300003,81.760002,81.889999,48600,67.605972
2012-02-06,81.870003,82.019997,81.589996,81.93,63600,67.638992
2012-02-07,81.93,82.230003,81.790001,81.959999,57200,67.663757
2012-02-08,82.150002,82.18,81.769997,82.010002,62700,67.705055
2012-02-09,82.029999,82.43,81.860001,82.379997,89600,68.01049
2012-02-10,82.089996,82.089996,81.790001,82.07,49700,67.754585
2012-02-13,82.290001,82.540001,82.279999,82.389999,131900,68.018761
2012-02-14,82.449997,82.709999,82.290001,82.68,52400,68.258156
2012-02-15,82.989998,83.029999,82.379997,82.459999,45700,68.076538
2012-02-16,82.629997,83.169998,82.629997,83.129997,43900,68.629677
2012-02-17,83.519997,83.519997,83.040001,83.190002,40200,68.679214
2012-02-21,83.269997,83.269997,82.730003,82.809998,51400,68.365486
2012-02-22,82.800003,82.870003,82.519997,82.730003,93600,68.299446
2012-02-23,82.75,83.18,82.5,83.110001,38300,68.613167
2012-02-24,83.25,83.370003,83.139999,83.290001,37800,68.761765
2012-02-27,83,83.470001,82.830002,83.279999,47600,68.753525
2012-02-28,83.400002,83.550003,83.230003,83.489998,36100,68.926865
2012-02-29,83.669998,83.959999,83.540001,83.709999,35500,69.108513
2012-03-01,83.959999,83.959999,83.400002,83.620003,63700,69.034203
2012-03-02,83.57,83.690002,83.43,83.599998,47900,69.017708
2012-03-05,83.599998,84.029999,83.489998,83.940002,59900,69.298386
2012-03-06,83.620003,83.639999,83.129997,83.190002,94800,68.679214
2012-03-07,83.440002,83.440002,82.949997,83.349998,64900,68.811317
2012-03-08,83.529999,84,83.529999,83.910004,50900,69.273628
2012-03-09,83.989998,84.239998,83.800003,84.150002,31100,69.471764
2012-03-12,84.239998,84.599998,84.199997,84.540001,47900,69.793732
2012-03-13,84.800003,85.220001,84.690002,85.220001,48200,70.355118
2012-03-14,85.110001,85.199997,84.760002,84.949997,48000,70.132217
2012-03-15,85.050003,85.160004,84.739998,85.160004,92800,70.30558
2012-03-16,85.129997,85.330002,84.959999,85.050003,37900,70.214783
2012-03-19,85.010002,85.220001,84.889999,85.129997,44000,70.280815
2012-03-20,84.559998,85.230003,84.559998,85.089996,56200,70.247795
2012-03-21,85,85.43,85,85.269997,48800,70.3964
2012-03-22,85.010002,85.389999,84.900002,85.300003,59600,70.421165
2012-03-23,85.410004,85.519997,85.080002,85.519997,23600,70.602776
2012-03-26,85.720001,86.129997,85.699997,86.099998,60000,71.081635
2012-03-27,86.25,86.400002,86.040001,86.059998,31400,71.048599
2012-03-28,86.080002,86.080002,85.669998,85.870003,49700,70.891739
2012-03-29,85.599998,85.879997,85.25,85.860001,27700,70.883492
2012-03-30,86.029999,86.449997,86.029999,86.279999,37300,71.230217
2012-04-02,86.32,87.139999,86.300003,86.989998,345500,71.816383
2012-04-03,86.900002,86.910004,86.209999,86.489998,65400,71.403595
2012-04-04,86,86.459999,86,86.25,74200,71.205452
2012-04-05,86,86.199997,85.75,86.139999,117000,71.114632
2012-04-09,85.510002,85.550003,85.239998,85.349998,61200,70.462433
2012-04-10,85.400002,85.400002,84.480003,84.580002,103700,69.826775
2012-04-11,84.959999,85.279999,84.809998,84.989998,49300,70.165245
2012-04-12,85.110001,85.230003,84.800003,85.190002,46500,70.330368000000007
2012-04-13,85.239998,85.550003,85.099998,85.129997,43200,70.280815
2012-04-16,85.419998,85.720001,85.129997,85.459999,203800,70.553261
2012-04-17,85.919998,86.57,85.82,86.400002,80000,71.3293
2012-04-18,86.330002,86.459999,86.080002,86.330002,52900,71.271492
2012-04-19,86.339996,86.360001,85.709999,86,39100,70.999062
2012-04-20,86.290001,86.949997,86.230003,86.769997,159800,71.63475
2012-04-23,86.019997,86.019997,85.279999,85.519997,55200,70.602776
2012-04-24,85.650002,85.93,85.459999,85.559998,40400,70.635811
2012-04-25,85.93,86.230003,85.790001,86.099998,60000,71.081635
2012-04-26,86.209999,87.029999,86.110001,86.879997,44400,71.725563
2012-04-27,86.989998,86.989998,86.730003,86.800003,34000,71.659531
2012-04-30,86.639999,86.639999,86.360001,86.470001,52700,71.3871
2012-05-01,86.580002,87,86.25,86.57,61000,71.469658
2012-05-02,86.400002,86.839996,86.360001,86.790001,42700,71.651268
2012-05-03,86.769997,86.769997,86.230003,86.440002,52800,71.362305
2012-05-04,86.379997,86.459999,85.809998,85.809998,58200,70.842209
2012-05-07,85.459999,86.050003,85.459999,85.849998,94200,70.875237
2012-05-08,85.68,85.809998,85.25,85.769997,132900,70.809166
2012-05-09,85.300003,85.839996,85,85.389999,38300,70.495468
2012-05-10,85.739998,86.209999,85.739998,85.959999,45800,70.966057
2012-05-11,85.75,86.150002,85.669998,85.68,33000,70.734879
2012-05-14,85.269997,85.629997,84.970001,85.379997,131000,70.487206
2012-05-15,85.25,85.769997,85.150002,85.290001,68700,70.41291
2012-05-16,85.610001,85.830002,85.449997,85.68,92500,70.734879
2012-05-17,85.709999,85.839996,84.949997,84.949997,71100,70.132217
2012-05-18,85.239998,85.239998,84.269997,84.379997,59000,69.661621
2012-05-21,84.519997,84.839996,84.220001,84.830002,78700,70.033157
2012-05-22,84.949997,85.230003,84.610001,84.870003,43600,70.066185
2012-05-23,84.489998,84.860001,84.040001,84.650002,50000,69.884552
2012-05-24,84.919998,85.400002,84.860001,85.379997,31700,70.487206
2012-05-25,85.510002,85.690002,85.220001,85.370003,30000,70.478958
2012-05-29,85.82,86,85.5,86,34300,70.999062
2012-05-30,85.639999,85.699997,85.18,85.339996,32100,70.454193
2012-05-31,85.370003,85.559998,84.940002,85.120003,46400,70.272568
2012-06-01,84.019997,84.410004,83.459999,83.629997,101400,69.042465000000007
2012-06-04,83.599998,83.860001,83.239998,83.849998,86900,69.224098
2012-06-05,83.610001,83.900002,83.410004,83.839996,52800,69.215828
2012-06-06,84.040001,84.949997,84.040001,84.949997,31500,70.132217
2012-06-07,85.589996,85.589996,85.050003,85.269997,98400,70.3964
2012-06-08,85.260002,85.839996,85.199997,85.800003,38700,70.833931
2012-06-11,86.400002,86.400002,85.339996,85.339996,72700,70.454193
2012-06-12,85.449997,85.860001,85.260002,85.809998,103000,70.842209
2012-06-13,85.730003,86.25,85.510002,85.739998,90600,70.784409
2012-06-14,85.959999,87.040001,85.959999,86.779999,59300,71.642998
2012-06-15,87.099998,87.190002,86.849998,87.07,73800,71.882423
2012-06-18,86.970001,87.349998,86.860001,87.279999,45000,72.055801
2012-06-19,87.459999,87.639999,87.080002,87.25,107400,72.031036
2012-06-20,87.040001,87.040001,86.330002,86.860001,38300,71.709061
2012-06-21,86.910004,86.980003,85.730003,85.800003,46700,70.833931
2012-06-22,85.919998,86.209999,85.919998,86.099998,25400,71.081635
2012-06-25,85.790001,85.790001,85.339996,85.629997,61400,70.693596
2012-06-26,85.949997,85.980003,85.379997,85.809998,30300,70.842209
2012-06-27,86.080002,86.389999,86.029999,86.370003,46900,71.30452
2012-06-28,86.18,86.629997,85.559998,86.629997,27400,71.519165
2012-06-29,87.5,88.25,87.400002,88.209999,40300,72.823578
2012-07-02,88.82,88.82,88.059998,88.82,192100,73.327164
2012-07-03,88.949997,89.309998,88.790001,89.239998,24100,73.673904
2012-07-05,89.389999,89.389999,88.82,89.07,38500,73.533554
2012-07-06,88.660004,88.980003,88.639999,88.919998,71100,73.409729
2012-07-09,88.839996,88.900002,88.440002,88.75,50800,73.269371
2012-07-10,89.050003,89.110001,88.589996,88.769997,51800,73.285896
2012-07-11,89,89,88.309998,88.730003,78400,73.252861
2012-07-12,88.699997,88.82,88.209999,88.550003,97600,73.104263
2012-07-13,88.910004,89.559998,88.669998,89.529999,34300,73.913322
2012-07-16,89.57,89.57,89.029999,89.080002,30700,73.541809
2012-07-17,89.5,89.589996,88.739998,89.43,37800,73.830772
2012-07-18,89.5,89.519997,89.260002,89.510002,30200,73.89682
2012-07-19,89.730003,89.730003,89,89.309998,32200,73.731697
2012-07-20,88.900002,88.959999,88.449997,88.75,66600,73.269371
2012-07-23,88.010002,88.129997,87.669998,87.93,62900,72.592422
2012-07-24,87.82,88.099998,87.150002,87.599998,30900,72.319977
2012-07-25,88.029999,88.029999,87.459999,87.620003,59800,72.336494
2012-07-26,88.769997,89.25,88.769997,89.120003,40100,73.574844
2012-07-27,89.419998,90.489998,89.080002,90.220001,44400,74.482979
2012-07-30,90.25,90.68,90.059998,90.629997,54200,74.821442
2012-07-31,91.199997,91.199997,90.349998,90.389999,47400,74.623322
2012-08-01,90.589996,90.589996,89.610001,89.690002,280600,74.045425
2012-08-02,89.440002,89.620003,88.779999,89.160004,83600,73.607864
2012-08-03,90.300003,90.650002,90.300003,90.589996,43700,74.788437
2012-08-06,90.75,91.010002,90.400002,90.419998,94100,74.648071
2012-08-07,90.529999,90.790001,89.970001,89.970001,52100,74.276573
2012-08-08,89.870003,90.68,89.849998,90.550003,35300,74.755424
2012-08-09,90.599998,90.639999,90.139999,90.209999,82400,74.474724
2012-08-10,90.300003,90.300003,89.849998,90.18,35600,74.449944
2012-08-13,90.309998,90.309998,89.919998,90.160004,55800,74.433441
2012-08-14,90.669998,90.669998,90.300003,90.5,58300,74.714149
2012-08-15,90.529999,90.809998,90.410004,90.660004,77300,74.84623
2012-08-16,90.5,90.860001,90.220001,90.839996,30700,74.994827
2012-08-17,91,91.029999,90.779999,90.949997,71100,75.08564
2012-08-20,90.949997,90.989998,90.610001,90.910004,37800,75.05262
2012-08-21,91.129997,91.260002,90.489998,90.5,46700,74.714149
2012-08-22,90.419998,90.5,90.050003,90.220001,316000,74.482979
2012-08-23,90.169998,90.169998,89.529999,89.540001,49900,73.9216
2012-08-24,89.5,90.440002,89.400002,90.279999,60100,74.532509
2012-08-27,90.480003,90.660004,90.25,90.389999,57900,74.623322
2012-08-28,90.410004,90.830002,90.25,90.599998,33000,74.796684
2012-08-29,90.75,90.779999,90.370003,90.440002,41000,74.664581
2012-08-30,90.349998,90.349998,89.93,89.980003,24500,74.284821
2012-08-31,90.410004,90.610001,90.089996,90.150002,92100,74.425186
2012-09-04,90.18,90.75,90,90.519997,104100,74.730629
2012-09-05,90.580002,90.639999,90.260002,90.300003,42400,74.549034
2012-09-06,90.75,91.529999,90.75,91.529999,49400,75.564468
2012-09-07,91.580002,91.580002,90.699997,90.889999,94300,75.036102
2012-09-10,90.709999,91,90.599998,90.769997,147200,74.937035
2012-09-11,90.879997,90.879997,90.5,90.57,82200,74.771927
2012-09-12,90.760002,90.800003,90.040001,90.080002,98900,74.367393
2012-09-13,90.099998,91.699997,90.099998,91.580002,126400,75.605743
2012-09-14,91.690002,91.690002,90.830002,91.019997,80800,75.14341
2012-09-17,91,91.300003,90.769997,91.120003,95400,75.22599
2012-09-18,91.279999,91.779999,91.150002,91.660004,35500,75.671799
2012-09-19,91.760002,92.150002,91.559998,91.940002,38700,75.902946
2012-09-20,91.830002,92.419998,91.800003,92.370003,40600,76.257973
2012-09-21,92.660004,92.690002,91.989998,92.040001,50800,75.985504
2012-09-24,91.959999,92.360001,91.699997,92.239998,50000,76.150627
2012-09-25,92.279999,92.57,91.559998,91.589996,60000,75.613991
2012-09-26,91.550003,91.959999,91.5,91.519997,58900,75.556213
2012-09-27,91.82,92.089996,91.419998,91.879997,33400,75.853409
2012-09-28,91.82,91.82,91.199997,91.580002,24900,75.605743
2012-10-01,91.699997,92.529999,91.699997,92.199997,188000,76.117592
2012-10-02,92.690002,92.730003,91.940002,92.290001,32500,76.19191
2012-10-03,92.650002,92.839996,92.07,92.529999,35400,76.390053
2012-10-04,92.989998,93.129997,92.769997,92.940002,59800,76.728539
2012-10-05,93.209999,93.43,92.949997,93.209999,38900,76.951408
2012-10-08,93.199997,93.199997,92.860001,92.949997,32900,76.736794
2012-10-09,93.089996,93.089996,92.019997,92.050003,70400,75.993774
2012-10-10,92.150002,92.360001,91.629997,91.739998,53000,75.737823
2012-10-11,92.230003,92.230003,91.43,91.43,108800,75.481918
2012-10-12,91.669998,92.019997,91.379997,91.559998,43700,75.589233
2012-10-15,91.730003,92.139999,91.5,92.07,38000,76.010269
2012-10-16,92.389999,92.400002,92.07,92.389999,53100,76.274467
2012-10-17,92.440002,93.059998,92.440002,92.760002,35800,76.579918
2012-10-18,92.650002,92.650002,92.199997,92.43,47300,76.307487
2012-10-19,92.349998,92.349998,91.089996,91.239998,42400,75.325066
2012-10-22,91.339996,91.339996,90.650002,91.269997,39600,75.349815
2012-10-23,90.690002,90.690002,89.75,90.080002,90200,74.367393
2012-10-24,90.18,90.43,89.889999,90.029999,44900,74.326103
2012-10-25,90.730003,90.849998,90.239998,90.610001,37200,74.804939
2012-10-26,90.650002,90.650002,90.010002,90.309998,33500,74.557281
2012-10-31,90.550003,91.07,90.18,90.610001,183600,74.804939
2012-11-01,90.879997,91.089996,90.669998,90.75,83200,74.92054
2012-11-02,91.010002,91.089996,90.150002,90.190002,40600,74.458199
2012-11-05,89.699997,90.160004,89.580002,90.019997,165200,74.317856
2012-11-06,90.07,90.910004,90.07,90.610001,54300,74.804939
2012-11-07,90.260002,90.260002,89.209999,89.589996,77000,73.96286
2012-11-08,89.589996,89.769997,88.620003,88.620003,75800,73.162064
2012-11-09,88.18,89.230003,88.120003,88.669998,45000,73.203339
2012-11-12,88.870003,88.910004,88.5,88.620003,50200,73.162064
2012-11-13,88.519997,89.239998,88.489998,88.57,35400,73.120789
2012-11-14,88.790001,88.790001,87.43,87.650002,74800,72.361267
2012-11-15,87.440002,87.57,86.949997,87.550003,121100,72.278702
2012-11-16,87.610001,88.220001,87.309998,88.150002,639700,72.774025
2012-11-19,89.220001,89.629997,88.690002,89.629997,53000,73.995888
2012-11-20,89.650002,89.860001,89.309998,89.839996,110800,74.16925
2012-11-21,89.889999,90.110001,89.690002,90.110001,66000,74.392174
2012-11-23,90.639999,91.349998,90.5,91.339996,68500,75.407608
2012-11-26,91.209999,91.209999,90.5,90.779999,75000,74.945305
2012-11-27,90.779999,91.309998,90.730003,90.800003,40600,74.961815
2012-11-28,90.690002,91.68,90.519997,91.669998,74300,75.680046
2012-11-29,92.150002,92.239998,91.650002,92.089996,40600,76.026794
2012-11-30,91.959999,92.480003,91.910004,92.330002,39000,76.22493
2012-12-03,92.68,92.68,92.050003,92.120003,128700,76.051559
2012-12-04,92,92.220001,91.889999,91.970001,97600,75.927711
2012-12-05,92.160004,92.550003,91.690002,92.059998,56600,76.002014
2012-12-06,92.07,92.379997,92.019997,92.160004,98000,76.084572
2012-12-07,92.410004,92.760002,92.339996,92.739998,66000,76.5634
2012-12-10,92.540001,92.900002,92.540001,92.599998,158800,76.447838
2012-12-11,92.900002,93.370003,92.629997,92.830002,46500,76.637726
2012-12-12,92.949997,93,92.449997,92.559998,68900,76.414818
2012-12-13,92.57,92.809998,92.220001,92.339996,41300,76.233177
2012-12-14,92.339996,92.519997,92.080002,92.190002,48900,76.109352
2012-12-17,92.389999,92.580002,92.110001,92.400002,52600,76.282722
2012-12-18,92.580002,92.610001,91.830002,92.5,57000,76.365257
2012-12-19,92.629997,92.629997,91.589996,91.599998,82200,75.622253
2012-12-20,89.260002,89.5,88.910004,89.5,91000,76.039406
2012-12-21,89,89.029999,88.050003,88.580002,101700,75.257767
2012-12-24,88.389999,88.389999,88.150002,88.279999,35700,75.002899
2012-12-26,88.269997,88.309998,87.470001,87.610001,93200,74.433662
2012-12-27,87.629997,87.860001,87.089996,87.709999,160800,74.518623
2012-12-28,87.5,87.68,86.809998,86.989998,122100,73.906906
2012-12-31,86.809998,87.919998,86.550003,87.900002,128400,74.680054
2013-01-02,89.580002,90.209999,89.160004,90.209999,82600,76.642632
2013-01-03,90.239998,90.25,89.800003,90.040001,119900,76.498199
2013-01-04,90.019997,90.449997,89.910004,90.339996,64800,76.753067
2013-01-07,90.300003,90.300003,89.470001,89.68,74000,76.192337
2013-01-08,89.660004,89.660004,89.269997,89.480003,66700,76.02243
2013-01-09,89.870003,89.889999,89.540001,89.720001,82200,76.226349
2013-01-10,89.959999,90.25,89.760002,90.239998,39500,76.668121
2013-01-11,90.169998,90.580002,90.169998,90.480003,45200,76.872032
2013-01-14,90.57,90.940002,90.540001,90.900002,101100,77.228867
2013-01-15,90.699997,91.269997,90.57,91.199997,54900,77.483742
2013-01-16,91.150002,91.209999,91,91.080002,576500,77.38179
2013-01-17,91.379997,91.980003,91.309998,91.760002,138000,77.959518
2013-01-18,92,92.120003,91.5,92.099998,106900,78.248383
2013-01-22,92.139999,92.169998,91.769997,92.089996,92300,78.239883
2013-01-23,92.029999,92.099998,91.870003,92.050003,366400,78.205894
2013-01-24,92.199997,92.5,92.150002,92.349998,54900,78.460793
2013-01-25,92.809998,92.849998,92.599998,92.809998,58000,78.851601
2013-01-28,93.059998,93.059998,92.599998,92.879997,64200,78.911079
2013-01-29,92.989998,93.480003,92.809998,93.349998,41400,79.310371
2013-01-30,93.389999,93.470001,93.080002,93.18,65600,79.165939
2013-01-31,93.129997,93.32,93.019997,93.080002,60500,79.081001
2013-02-01,93.540001,93.830002,93.489998,93.800003,45600,79.692696
2013-02-04,93.480003,93.480003,92.870003,92.989998,121600,79.004517
2013-02-05,93.57,94.239998,93.529999,94.010002,69400,79.871124
2013-02-06,93.870003,94.190002,93.720001,94.18,61600,80.015556
2013-02-07,94.379997,94.559998,93.910004,94.529999,59800,80.31292
2013-02-08,94.809998,94.870003,94.330002,94.489998,86000,80.278915
2013-02-11,94.589996,94.589996,94.279999,94.419998,64300,80.219452
2013-02-12,94.510002,94.510002,94.199997,94.339996,62500,80.151505
2013-02-13,94.480003,94.510002,94.139999,94.43,40000,80.227951
2013-02-14,94.599998,94.949997,94.510002,94.639999,48600,80.40638
2013-02-15,94.790001,94.989998,94.400002,94.800003,45700,80.54232
2013-02-19,95.169998,95.809998,95.019997,95.800003,101500,81.391922
2013-02-20,96,96.080002,95.529999,95.550003,65400,81.179512
2013-02-21,95.440002,95.93,95.209999,95.779999,76700,81.374924
2013-02-22,96,96.239998,95.769997,96.239998,54700,81.765739
2013-02-25,96.690002,96.760002,94.989998,95,100200,80.712227
2013-02-26,95.300003,95.480003,94.75,95.25,453400,80.924629
2013-02-27,95.25,96.169998,95,95.949997,63900,81.519348
2013-02-28,95.970001,96.559998,95.93,95.970001,32700,81.536339
2013-03-01,95.669998,96.279999,95.32,96.25,51200,81.774216
2013-03-04,96.32,96.93,96,96.93,161800,82.351959
2013-03-05,97.360001,97.389999,97.019997,97.239998,125700,82.615341
2013-03-06,97.410004,97.470001,97,97.120003,79000,82.513397
2013-03-07,97.25,97.309998,97.040001,97.120003,51200,82.513397
2013-03-08,97.489998,97.599998,96.900002,97.400002,59000,82.751282
2013-03-11,97.550003,97.559998,97.309998,97.410004,163000,82.759773
2013-03-12,97.669998,97.669998,97.190002,97.309998,73100,82.674805
2013-03-13,97.489998,97.639999,97.230003,97.550003,58100,82.878723
2013-03-14,97.610001,98,97.610001,97.93,60100,83.201569
2013-03-15,97.650002,97.68,97.339996,97.519997,108200,82.853233
2013-03-18,97,97.559998,96.57,97.25,82200,82.62384
2013-03-19,97.449997,97.980003,97.400002,97.970001,62400,83.235535
2013-03-20,98.160004,99.040001,98.160004,98.940002,81800,84.059669
2013-03-21,98.82,99.010002,98.459999,98.650002,125900,83.813286
2013-03-22,98.849998,99.610001,98.800003,99.5,49300,84.535439
2013-03-25,99.889999,100,99.18,99.449997,141100,84.492966
2013-03-26,99.699997,100.400002,99.699997,100.400002,82300,85.300095
2013-03-27,100.150002,100.239998,99.739998,100.239998,92800,85.164139
2013-03-28,100.209999,100.769997,100.019997,100.730003,91100,85.580444
2013-04-01,100.75,100.769997,100.260002,100.620003,305300,85.486992
2013-04-02,101.029999,101.739998,100.900002,101.599998,124100,86.319588
2013-04-03,101.900002,101.900002,100.190002,100.43,135900,85.3256
2013-04-04,100.589996,101.080002,100.529999,100.980003,109600,85.792839
2013-04-05,100.440002,100.440002,99.860001,100.309998,93500,85.223633
2013-04-08,100.5,101.370003,100,101.370003,63600,86.124199
2013-04-09,101.620003,101.639999,100.949997,101.220001,75400,85.996758
2013-04-10,101.620003,102.199997,101.459999,102.120003,137300,86.761406
2013-04-11,102.239998,102.940002,102.160004,102.540001,111700,87.118225
2013-04-12,102.25,102.940002,102.169998,102.919998,81500,87.441086
2013-04-15,102.800003,102.800003,101.25,101.260002,140700,86.030746
2013-04-16,102.050003,103.010002,101.830002,102.970001,114200,87.483559
2013-04-17,102.470001,102.769997,101.709999,102.110001,69900,86.752899
2013-04-18,102.309998,102.5,101.720001,101.980003,81800,86.642456
2013-04-19,102.25,103.610001,102.25,103.550003,78600,87.976341
2013-04-22,103.739998,103.989998,103.019997,103.839996,88600,88.222694
2013-04-23,104.199997,104.720001,103.370003,104.699997,156500,88.953369
2013-04-24,104.510002,104.529999,103.099998,103.099998,132600,87.594002
2013-04-25,103.440002,103.809998,103.190002,103.510002,108500,87.942337
2013-04-26,103.400002,103.779999,103.360001,103.519997,53800,87.950851
2013-04-29,103.650002,103.940002,103.5,103.82,322800,88.205696
2013-04-30,103.900002,103.900002,103.209999,103.68,91900,88.086807
2013-05-01,103.480003,104.209999,103.300003,103.419998,123000,87.865883
2013-05-02,103.75,104.209999,103.25,103.839996,202400,88.222694
2013-05-03,104.860001,104.860001,104.07,104.400002,130500,88.698486
2013-05-06,104.419998,104.419998,103.57,103.629997,91100,88.044304
2013-05-07,104,104.480003,103.75,104.449997,125300,88.740967
2013-05-08,104.449997,104.599998,104.209999,104.589996,92000,88.859932
2013-05-09,104.599998,104.809998,103.790001,103.940002,77600,88.307663
2013-05-10,104.019997,104.529999,103.93,104.529999,63600,88.808945
2013-05-13,104.290001,104.959999,104.25,104.699997,57100,88.953369
2013-05-14,104.860001,105.919998,104.839996,105.919998,78800,89.989899
2013-05-15,105.82,107.129997,105.669998,106.93,110700,90.847984
2013-05-16,106.699997,106.93,106.120003,106.279999,146300,90.295761
2013-05-17,106.489998,106.540001,105.809998,106.510002,110700,90.491158
2013-05-20,106.489998,106.489998,105.470001,105.599998,160700,89.718018
2013-05-21,105.779999,105.870003,104.879997,105.550003,171400,89.675545
2013-05-22,105.709999,106.769997,105,105.300003,173700,89.463142
2013-05-23,104.580002,105.209999,104.18,104.93,97200,89.148788
2013-05-24,105,105.849998,104.919998,105.730003,57700,89.828453
2013-05-28,106.589996,107.050003,105.790001,106.089996,86100,90.134315
2013-05-29,105.730003,105.730003,103.989998,104.209999,107100,88.537079
2013-05-30,104.25,104.629997,103.800003,103.82,121600,88.205696
2013-05-31,103.68,103.68,101.970001,101.970001,137800,86.633965
2013-06-03,102.050003,103.019997,101.019997,103.019997,157400,87.526024
2013-06-04,103.199997,103.699997,102.309998,102.980003,203500,87.49205
2013-06-05,102.809998,102.839996,101.82,101.870003,155600,86.548988
2013-06-06,101.849998,102.339996,101.150002,102.339996,109600,86.948318
2013-06-07,102.769997,103.900002,102.769997,103.639999,115100,88.052803
2013-06-10,103.879997,104,103.230003,103.720001,93600,88.12075
2013-06-11,102.989998,104.050003,102.75,103.410004,64000,87.857384
2013-06-12,104,104.199997,102.959999,103.010002,43300,87.51754
2013-06-13,102.980003,104.169998,102.610001,104.07,75100,88.418129
2013-06-14,104.07,104.589996,103.5,103.75,60600,88.146255
2013-06-17,104.230003,105.059998,103.949997,104.589996,53200,88.859932
2013-06-18,104.699997,105.18,104.400002,105.089996,60100,89.284729
2013-06-19,105.190002,105.260002,103.099998,103.099998,60000,87.594002
2013-06-20,102.720001,102.720001,99.800003,100.019997,185400,84.977249
2013-06-21,100.5,101.599998,100.199997,101.239998,82500,86.013733
2013-06-24,100.540001,101.660004,99.769997,100.760002,128100,85.605942
2013-06-25,101.169998,101.230003,100.419998,100.970001,81900,85.784355
2013-06-26,101.5,102.349998,101.5,102,101700,86.659447
2013-06-27,102.650002,103.370003,102.440002,102.459999,99400,87.050247
2013-06-28,102.349998,102.760002,101.940002,102,155000,86.659447
2013-07-01,102.410004,103.379997,102.410004,102.699997,56200,87.254158
2013-07-02,102.650002,103.349998,102.389999,102.82,50400,87.35611
2013-07-03,102.470001,102.769997,101.93,102.540001,47200,87.118225
2013-07-05,103.269997,103.300003,102,102.889999,71000,87.415596
2013-07-08,103.089996,104,103.089996,103.870003,97500,88.248207
2013-07-09,104.370003,104.919998,104.370003,104.75,73600,88.995857
2013-07-10,104.769997,105.309998,104.599998,104.910004,108800,89.131783
2013-07-11,105.860001,106.57,105.860001,106.480003,104000,90.465668
2013-07-12,106.43,106.620003,106.129997,106.580002,60100,90.550621
2013-07-15,106.779999,106.779999,106.470001,106.699997,42900,90.652565
2013-07-16,106.370003,106.5,105.910004,106.360001,70100,90.363724
2013-07-17,106.610001,106.82,106.389999,106.559998,40000,90.533623
2013-07-18,106.650002,107.339996,106.43,107.050003,42600,90.949944
2013-07-19,107,107.580002,106.889999,107.57,45500,91.391731
2013-07-22,107.739998,107.739998,107.279999,107.459999,71700,91.298294
2013-07-23,107.5,107.5,107.099998,107.18,82100,91.060364
2013-07-24,107.370003,107.370003,106.339996,106.480003,40800,90.465668
2013-07-25,106.349998,107.160004,106.32,107.07,44600,90.966927
2013-07-26,106.949997,107.059998,105.75,107.040001,84200,90.941444
2013-07-29,106.959999,107.029999,106.580002,106.660004,27000,90.618591
2013-07-30,106.989998,107.410004,106.510002,106.629997,37400,90.593109
2013-07-31,106.650002,107.169998,106.5,106.620003,28500,90.584618
2013-08-01,107.449997,107.730003,107.349998,107.610001,52800,91.42572
2013-08-02,107.529999,107.68,106.870003,107.68,36500,91.485191
2013-08-05,107.580002,107.919998,107.440002,107.790001,64700,91.578636
2013-08-06,107.699997,107.790001,107.260002,107.580002,41300,91.40023
2013-08-07,107.5,107.5,106.900002,107.080002,47500,90.975426
2013-08-08,107.410004,107.629997,106.940002,107.529999,36600,91.35775
2013-08-09,107.339996,107.459999,106.830002,107.010002,35100,90.915962
2013-08-12,106.809998,106.919998,106.5,106.849998,47600,90.780029
2013-08-13,107.080002,107.080002,106.410004,106.879997,34300,90.805511
2013-08-14,106.949997,106.949997,106.199997,106.199997,35500,90.227776
2013-08-15,105.330002,105.589996,104.279999,104.349998,75200,88.655991
2013-08-16,104.279999,104.370003,103.470001,103.75,63900,88.146255
2013-08-19,103.68,103.769997,103.360001,103.389999,40100,87.840408
2013-08-20,103.349998,104,103.300003,103.529999,46900,87.959328
2013-08-21,103.349998,103.529999,102.660004,102.709999,45600,87.262665
2013-08-22,102.760002,103.349998,102.75,103.199997,25400,87.67897
2013-08-23,103.400002,103.889999,103.25,103.82,29300,88.205696
2013-08-26,103.870003,103.870003,102.720001,102.75,38100,87.296661
2013-08-27,102.010002,102.279999,101.779999,101.970001,61400,86.633965
2013-08-28,101.82,101.82,101.220001,101.220001,377000,85.996758
2013-08-29,101.150002,102.160004,101,101.800003,56500,86.489525
2013-08-30,102,102.139999,101.620003,102,51200,86.659447
2013-09-03,102.68,102.760002,101.650002,101.849998,91600,86.532013
2013-09-04,101.800003,102.730003,101.690002,102.529999,81200,87.109726
2013-09-05,102.449997,102.760002,102.309998,102.419998,38200,87.016273
2013-09-06,102.589996,103.010002,101.599998,102.540001,40500,87.118225
2013-09-09,102.800003,103.379997,102.720001,103.349998,104100,87.806396
2013-09-10,103.889999,103.889999,103.150002,103.529999,57700,87.959328
2013-09-11,103.279999,104.199997,103.279999,104.199997,33000,88.528557
2013-09-12,104.089996,104.489998,104.089996,104.230003,27100,88.554062
2013-09-13,104.449997,105.110001,104.449997,105.080002,62400,89.276222
2013-09-16,106,106.470001,105.790001,105.940002,90500,90.006874
2013-09-17,105.860001,106.5,105.769997,106.379997,48700,90.380699
2013-09-18,106.43,107.699997,105.849998,107.690002,64700,91.493683
2013-09-19,107.849998,107.849998,107.019997,107.199997,117000,91.077377
2013-09-20,107.279999,107.279999,106.480003,106.480003,65300,90.465668
2013-09-23,106.25,106.269997,105.809998,106.080002,64000,90.125832
2013-09-24,106.07,106.260002,105.459999,105.540001,22300,89.667038
2013-09-25,105.510002,105.639999,104.75,104.800003,32400,89.038322
2013-09-26,105,105.300003,104.709999,105.269997,32800,89.437645
2013-09-27,104.629997,104.93,104.18,104.589996,52800,88.859932
2013-09-30,103.870003,104.230003,103.400002,103.660004,74300,88.069801
2013-10-01,103.599998,104.279999,103.470001,104.279999,54000,88.596542
2013-10-02,103.879997,104,103.07,103.970001,50700,88.333153
2013-10-03,103.760002,103.809998,103.059998,103.43,40100,87.874374
2013-10-04,103.629997,103.839996,103.290001,103.650002,25100,88.061287
2013-10-07,103.169998,103.669998,102.839996,103.18,33800,87.661987
2013-10-08,103.07,103.800003,103.050003,103.089996,66000,87.585503
2013-10-09,103.160004,103.580002,102.769997,103.18,50300,87.661987
2013-10-10,104.129997,105.080002,104.07,105.07,56000,89.267738
2013-10-11,105,105.379997,104.75,105.379997,61400,89.531082
2013-10-14,104.82,105.849998,104.75,105.849998,49500,89.930412
2013-10-15,105.769997,105.790001,104.800003,104.959999,61100,89.174271
2013-10-16,105.349998,106.43,105.349998,106.419998,55300,90.414696
2013-10-17,106.269997,107.540001,106.269997,107.459999,57700,91.298294
2013-10-18,107.75,107.790001,107.400002,107.75,45700,91.544655
2013-10-21,107.739998,107.739998,107.059998,107.330002,56100,91.18782
2013-10-22,107.800003,109.050003,107.800003,108.849998,72200,92.479195
2013-10-23,108.68,109.129997,108.43,108.980003,50800,92.589684
2013-10-24,109.050003,109.139999,108.650002,108.879997,64400,92.504707
2013-10-25,109,109.139999,108.559998,109.120003,78600,92.708626
2013-10-28,109.279999,110.730003,109.160004,110.449997,86600,93.838577
2013-10-29,110.82,111.330002,110.449997,111.32,198500,94.577744
2013-10-30,111.5,111.5,110.150002,110.440002,129300,93.830093
2013-10-31,110.260002,110.410004,109.730003,109.839996,125000,93.320328
2013-11-01,109.989998,110.32,109.660004,110.199997,58600,93.62619
2013-11-04,110.669998,110.68,109.980003,110.370003,70100,93.770622
2013-11-05,110.32,110.889999,109.959999,110.669998,52300,94.025505
2013-11-06,111,111.709999,110.669998,111.669998,39900,94.875092
2013-11-07,111.610001,111.610001,109.809998,109.919998,90600,93.388283
2013-11-08,109.5,110.540001,109.269997,110.540001,80000,93.915062
2013-11-11,110.5,110.760002,110.190002,110.290001,70400,93.702644
2013-11-12,110.139999,110.550003,109.889999,110.550003,49200,93.923538
2013-11-13,110.150002,111.459999,110.150002,111.459999,114400,94.696693
2013-11-14,111.400002,112.269997,111.400002,112.160004,47800,95.29142
2013-11-15,112.290001,112.489998,111.879997,112.379997,31600,95.478333
2013-11-18,112.510002,112.510002,111.699997,111.889999,46000,95.062004
2013-11-19,111.650002,111.830002,111.339996,111.540001,77100,94.764656
2013-11-20,111.449997,111.900002,110.739998,111.089996,51300,94.382324
2013-11-21,111.059998,111.529999,111,111.480003,75000,94.713692
2013-11-22,111.410004,112.07,111.260002,111.989998,36100,95.146973
2013-11-25,112.25,112.400002,111.639999,111.730003,48800,94.926079
2013-11-26,111.93,112.239998,111.540001,111.720001,41500,94.917572
2013-11-27,111.980003,111.980003,111.57,111.919998,28600,95.087502
2013-11-29,112,112.260002,111.669998,111.669998,39700,94.875092
2013-12-02,111.699997,111.699997,110.900002,111.080002,58300,94.373848
2013-12-03,110.910004,111.699997,110.910004,111.629997,59300,94.84111
2013-12-04,111.370003,111.690002,110.559998,111.43,47800,94.671204
2013-12-05,111.099998,111.099998,110.330002,110.389999,37800,93.787613
2013-12-06,110.970001,112.059998,110.970001,112.040001,74500,95.189461
2013-12-09,112.620003,112.620003,112.099998,112.239998,40000,95.35936
2013-12-10,112.099998,112.099998,111.050003,111.300003,67400,94.560745
2013-12-11,111.440002,111.849998,111.199997,111.290001,63700,94.552254
2013-12-12,111.239998,111.239998,109.790001,109.93,68200,93.396805
2013-12-13,110.120003,110.260002,109.419998,109.68,52300,93.184387
2013-12-16,110,110.389999,109.589996,109.839996,59900,93.320328
2013-12-17,109.839996,109.839996,109.089996,109.370003,54700,92.921013
2013-12-18,109.690002,111.190002,108.449997,111.150002,80300,94.433311
2013-12-19,111,111.019997,110.32,110.849998,58000,94.178436
2013-12-20,108.540001,109.25,108.419998,109.029999,68100,94.706543
2013-12-23,109.260002,109.349998,108.639999,108.980003,74000,94.663132
2013-12-24,109.010002,109.360001,108.949997,109.120003,43800,94.784729
2013-12-26,109.330002,109.559998,109.139999,109.529999,96600,95.140862
2013-12-27,109.800003,110.010002,109.610001,109.830002,119300,95.401459
2013-12-30,109.910004,110.150002,109.790001,110.150002,113000,95.67942
2013-12-31,110.25,110.349998,109.769997,110.080002,66400,95.618622
2014-01-02,109.870003,109.870003,108.639999,108.889999,134500,94.584938
2014-01-03,108.959999,109.190002,108.550003,108.75,111600,94.463348
2014-01-06,109.010002,109.050003,108.080002,108.269997,92000,94.046394
2014-01-07,108.629997,109.110001,108.580002,108.900002,84900,94.593651
2014-01-08,108.919998,108.919998,107.910004,108.199997,99200,93.985588
2014-01-09,108.25,108.669998,107.900002,108.620003,124000,94.35041
2014-01-10,108.959999,109.150002,108.32,108.769997,112600,94.480713
2014-01-13,108.610001,108.949997,107.860001,107.959999,89400,93.777115
2014-01-14,108.290001,108.68,108.080002,108.589996,56500,94.324356
2014-01-15,108.790001,108.849998,108.349998,108.529999,86800,94.272247
2014-01-16,108.360001,108.489998,107.93,108.339996,90200,94.107201
2014-01-17,108.209999,108.209999,107.459999,107.529999,83500,93.40361
2014-01-21,108,108.190002,107.269997,107.900002,89300,93.725006
2014-01-22,108.010002,108.260002,107.919998,107.980003,188000,93.794479
2014-01-23,107.660004,107.660004,106.690002,107,126400,92.943237
2014-01-24,106.790001,107.18,105.889999,105.900002,176800,91.98774
2014-01-27,105.879997,106.110001,105.269997,105.550003,142100,91.683731
2014-01-28,105.709999,106.43,105.660004,106.290001,52800,92.326508
2014-01-29,105.839996,105.839996,104.099998,104.349998,128000,90.641357
2014-01-30,104.889999,105.110001,104.459999,104.650002,151400,90.901978
2014-01-31,103.82,104.870003,103.089996,104.220001,95400,90.52845
2014-02-03,104.010002,104.010002,101.75,101.839996,419200,88.461105
2014-02-04,102.300003,102.580002,102.040001,102.43,101900,88.973595
2014-02-05,102.120003,102.610001,101.809998,102.43,70100,88.973595
2014-02-06,103.209999,103.68,103.099998,103.650002,57600,90.033333
2014-02-07,104.099998,104.660004,103.839996,104.580002,78300,90.841156
2014-02-10,104.830002,105.089996,104.349998,105.089996,48400,91.284164
2014-02-11,105.360001,106.309998,104.870003,106.139999,167500,92.19622
2014-02-12,106.239998,106.389999,105.559998,105.779999,156900,91.883514
2014-02-13,105.010002,106.419998,105.010002,106.370003,37900,92.396011
2014-02-14,106.269997,107.209999,105.910004,106.980003,66000,92.925865
2014-02-18,106.93,106.93,106.07,106.459999,79100,92.474174
2014-02-19,106.57,106.639999,105.989998,106.120003,111600,92.178841
2014-02-20,106.150002,107.029999,106.029999,106.760002,27600,92.734764
2014-02-21,106.980003,107.199997,106.489998,106.510002,41500,92.517624
2014-02-24,106.660004,107.580002,106.660004,106.959999,118500,92.908485
2014-02-25,106.889999,107.800003,106.889999,107.279999,110400,93.186432
2014-02-26,107.690002,107.870003,107.029999,107.169998,60500,93.090897
2014-02-27,107.089996,107.610001,107,107.589996,56400,93.455727
2014-02-28,107.559998,108.800003,107.559998,108.279999,64300,94.055077
2014-03-03,107.540001,108,107.129997,107.68,64700,93.53392
2014-03-04,108.529999,109.449997,108.529999,109.339996,61100,94.975822
2014-03-05,109.360001,109.360001,108.900002,109.120003,54100,94.784729
2014-03-06,109.309998,109.309998,108.900002,108.980003,45500,94.663132
2014-03-07,109.239998,109.260002,108.739998,109.169998,33800,94.828156
2014-03-10,109,109.339996,108.879997,109.269997,39500,94.915039
2014-03-11,109.470001,109.620003,108.989998,109.260002,56000,94.906342
2014-03-12,108.860001,109.519997,108.860001,109.449997,30600,95.071358
2014-03-13,109.760002,109.93,108.730003,108.839996,51000,94.541504
2014-03-14,108.510002,109.419998,108.510002,108.93,58500,94.619682
2014-03-17,109.43,109.75,109.339996,109.690002,50800,95.279861
2014-03-18,109.860001,110.040001,109.599998,109.900002,55700,95.462242
2014-03-19,109.989998,110.010002,108.510002,108.940002,45800,94.628372
2014-03-20,108.830002,109.5,108.57,109.290001,34700,94.932388
2014-03-21,109.82,110.360001,109.330002,109.389999,40000,95.019257
2014-03-24,109.660004,110.029999,109.139999,109.279999,69300,94.923714
2014-03-25,109.510002,110.139999,109.510002,109.919998,43200,95.479637
2014-03-26,110.230003,110.519997,109.830002,109.830002,136200,95.401459
2014-03-27,109.870003,110.139999,109.5,109.699997,157800,95.288536
2014-03-28,109.849998,110.190002,109.739998,109.980003,84100,95.531754
2014-03-31,110.25,110.879997,110.25,110.790001,38800,96.235329
2014-04-01,110.93,110.949997,110.400002,110.709999,92800,96.165855
2014-04-02,110.660004,111,110.440002,110.940002,107800,96.365631
2014-04-03,110.809998,111.010002,110.620003,110.940002,48700,96.365631
2014-04-04,111.260002,111.410004,110.239998,110.309998,58800,95.818398
2014-04-07,110.110001,110.959999,110.110001,110.589996,45500,96.061623
2014-04-08,110.470001,111.029999,110.449997,111,58700,96.41774
2014-04-09,111.309998,111.57,110.989998,111.57,31800,96.912872
2014-04-10,111.529999,112.190002,110.459999,110.559998,77600,96.035538
2014-04-11,110.120003,110.730003,109.760002,109.889999,116300,95.45359
2014-04-14,110.32,110.900002,109.940002,110.620003,87900,96.087685
2014-04-15,111.07,111.099998,110.239998,110.959999,27500,96.382988
2014-04-16,111.489998,112.089996,111.480003,112.07,43400,97.347191
2014-04-17,112.07,112.220001,111.580002,112.190002,32400,97.451416
2014-04-21,112.199997,112.290001,111.709999,112.269997,61300,97.520912
2014-04-22,112.339996,112.459999,112.089996,112.230003,39300,97.48616
2014-04-23,112.110001,112.419998,112.07,112.139999,34500,97.407974
2014-04-24,112.300003,112.57,112,112.389999,56200,97.625137
2014-04-25,112.209999,112.550003,112.059998,112.480003,44000,97.703339
2014-04-28,112.839996,113.980003,112.839996,113.75,44900,98.80648
2014-04-29,113.93,113.93,113.309998,113.349998,84900,98.459038
2014-04-30,113.419998,113.639999,113.190002,113.620003,123300,98.693558
2014-05-01,113.739998,113.739998,112.989998,113.550003,305800,98.632744
2014-05-02,113.720001,113.779999,113.349998,113.540001,93100,98.624077
2014-05-05,113.349998,113.589996,112.790001,113.449997,57000,98.545883
2014-05-06,113.110001,113.260002,112.620003,112.629997,166600,97.833626
2014-05-07,112.610001,113.760002,112.610001,113.760002,45700,98.815155
2014-05-08,113.879997,114.260002,113.43,113.75,54500,98.80648
2014-05-09,113.779999,114.309998,113.660004,114.300003,35700,99.284225
2014-05-12,114.760002,114.870003,114.32,114.57,43600,99.518745
2014-05-13,114.660004,114.849998,114.57,114.699997,53700,99.631676
2014-05-14,114.550003,114.550003,113.879997,114.019997,40700,99.041
2014-05-15,113.599998,113.610001,112.82,113.010002,53700,98.163704
2014-05-16,113,113.739998,113,113.739998,33200,98.797791
2014-05-19,113.639999,113.639999,113.230003,113.540001,39000,98.624077
2014-05-20,113.5,113.5,112.900002,112.989998,32400,98.146309
2014-05-21,113.360001,113.75,113,113.739998,63100,98.797791
2014-05-22,113.82,113.82,113.290001,113.550003,114600,98.632744
2014-05-23,113.68,113.919998,113.68,113.809998,25500,98.858589
2014-05-27,114.230003,114.279999,113.949997,114.25,35200,99.240791
2014-05-28,114.309998,114.440002,114.059998,114.099998,322800,99.110474
2014-05-29,114.43,115.239998,114.400002,115.169998,46400,100.03994
2014-05-30,115.220001,116.019997,115.080002,115.949997,37300,100.717461
2014-06-02,116.040001,116.040001,115.480003,115.57,94900,100.387375
2014-06-03,115.230003,115.400002,115.190002,115.260002,59000,100.118111
2014-06-04,115.330002,115.790001,115.190002,115.790001,65600,100.578476
2014-06-05,115.949997,116.260002,115.510002,116.199997,47900,100.934631
2014-06-06,116.330002,116.510002,116.239998,116.480003,53300,101.177826
2014-06-09,116.489998,116.580002,116.199997,116.370003,48000,101.082298
2014-06-10,116.099998,116.43,116.089996,116.339996,38400,101.056221
2014-06-11,116.169998,116.300003,115.839996,115.989998,38300,100.752205
2014-06-12,115.980003,115.980003,115.120003,115.199997,36400,100.065971
2014-06-13,115.190002,115.330002,114.959999,115.230003,46800,100.092049
2014-06-16,115.120003,115.739998,114.889999,115.629997,840700,100.439491
2014-06-17,115.599998,115.800003,115.309998,115.769997,55200,100.561104
2014-06-18,115.730003,117.059998,115.730003,117.050003,43800,101.672958
2014-06-19,117.239998,117.75,117.239998,117.690002,44900,102.228874
2014-06-20,117.849998,117.860001,117.25,117.339996,73200,101.924858
2014-06-23,117.349998,117.349998,116.5,116.650002,66400,101.325508
2014-06-24,116.389999,116.589996,116.010002,116.169998,50800,100.908554
2014-06-25,115.989998,116.139999,115.699997,116.129997,39800,100.873825
2014-06-26,116.07,116.07,115.269997,115.68,44200,100.482941
2014-06-27,115.650002,115.940002,115.300003,115.93,93000,100.700066
2014-06-30,115.699997,116.489998,115.540001,115.839996,34200,100.621918
2014-07-01,116.059998,116.559998,115.769997,116.279999,47600,101.004105
2014-07-02,116.279999,116.599998,116.279999,116.459999,134400,101.160454
2014-07-03,116.589996,117.239998,116.589996,117.029999,34200,101.655563
2014-07-07,116.910004,117.32,116.910004,117.169998,175700,101.777184
2014-07-08,117.059998,117.239998,116.879997,116.919998,33300,101.560028
2014-07-09,117.150002,117.489998,117.129997,117.349998,45200,101.93354
2014-07-10,116.5,117.300003,116.360001,117.220001,69700,101.820625
2014-07-11,117.220001,117.440002,116.779999,117.339996,53100,101.924858
2014-07-14,117.699997,117.970001,117.650002,117.709999,59300,102.246246
2014-07-15,117.660004,117.660004,116.650002,116.800003,39000,101.455803
2014-07-16,117.019997,117.360001,116.559998,116.730003,39300,101.395004
2014-07-17,116.589996,116.82,115.849998,115.889999,39200,100.665337
2014-07-18,116.18,117.07,116.139999,117.029999,36500,101.655563
2014-07-21,116.540001,116.540001,116.099998,116.419998,141800,101.12571
2014-07-22,116.43,116.529999,116.059998,116.419998,38400,101.12571
2014-07-23,116.440002,116.629997,116.169998,116.260002,33100,100.98674
2014-07-24,116.349998,116.790001,116.349998,116.669998,43600,101.342888
2014-07-25,116.620003,116.620003,115.849998,116.089996,37900,100.839066
2014-07-28,116.080002,116.080002,115.199997,115.449997,690300,100.283127
2014-07-29,115.599998,115.809998,114.860001,114.879997,678700,99.788033
2014-07-30,115.160004,115.169998,113.769997,113.769997,66100,98.823845
2014-07-31,113.029999,113.059998,111.82,111.830002,87900,97.138702
2014-08-01,111.980003,113.059998,111.980003,112.690002,111700,97.885742
2014-08-04,112.870003,113.230003,112.410004,113.120003,45100,98.259254
2014-08-05,112.949997,113.25,112.239998,112.519997,40200,97.738068
2014-08-06,111.75,113.489998,111.75,113.449997,54000,98.545883
2014-08-07,113.690002,113.690002,112.349998,112.669998,32100,97.868378
2014-08-08,112.75,113.739998,112.629997,113.720001,32400,98.780403
2014-08-11,114.010002,115.07,114.010002,114.620003,969300,99.562187
2014-08-12,114.580002,114.68,114.239998,114.489998,33700,99.449265
2014-08-13,114.660004,114.989998,114.459999,114.779999,30400,99.701157
2014-08-14,114.849998,115.25,114.849998,115.25,26700,100.109428
2014-08-15,115.940002,116,114.800003,115.379997,43900,100.222343
2014-08-18,115.800003,116.199997,115.790001,116.029999,185800,100.786949
2014-08-19,116.230003,116.5,115.870003,116.349998,46000,101.064919
2014-08-20,116.25,116.449997,116.050003,116.360001,72700,101.073586
2014-08-21,116.389999,116.949997,116.389999,116.459999,40600,101.160454
2014-08-22,116.459999,116.790001,116.220001,116.32,44700,101.038849
2014-08-25,116.709999,117.120003,116.709999,116.959999,73000,101.594788
2014-08-26,117.019997,117.169998,116.849998,116.860001,52000,101.507919
2014-08-27,116.949997,116.970001,116.720001,116.970001,27600,101.603447
2014-08-28,116.669998,117,116.639999,116.959999,33800,101.594788
2014-08-29,116.980003,117.139999,116.699997,117.139999,52000,101.751129
2014-09-02,117.059998,117.510002,116.75,117.080002,57800,101.699028
2014-09-03,117.389999,117.5,117.089996,117.220001,40100,101.820625
2014-09-04,117.440002,117.839996,117.209999,117.389999,54800,101.968292
2014-09-05,117.440002,118.089996,117.18,118.019997,34500,102.515526
2014-09-08,117.940002,118,117.300003,117.389999,60400,101.968292
2014-09-09,117.419998,117.43,116.980003,117.040001,35700,101.664268
2014-09-10,117.07,117.739998,117.050003,117.599998,35900,102.150703
2014-09-11,117.349998,117.779999,117.32,117.769997,59700,102.298355
2014-09-12,117.75,117.75,116.690002,116.940002,46100,101.577408
2014-09-15,117.160004,117.449997,117.080002,117.360001,55300,101.942223
2014-09-16,117.110001,118.5,117.110001,118.230003,58500,102.697929
2014-09-17,118.25,118.470001,117.830002,118,59800,102.498146
2014-09-18,118.290001,118.339996,117.910004,118.290001,41100,102.750046
2014-09-19,118.599998,118.699997,118.410004,118.440002,51600,102.880348
2014-09-22,118.260002,118.349998,117.940002,118.080002,65100,102.567627
2014-09-23,117.839996,117.849998,117.199997,117.199997,38500,101.803253
2014-09-24,117.209999,118.580002,117.209999,118.559998,49700,102.984566
2014-09-25,118.339996,118.339996,116.970001,117.18,76500,101.785866
2014-09-26,117.099998,117.709999,116.669998,117.519997,50200,102.081207
2014-09-29,116.779999,117.599998,116.699997,117.489998,297500,102.055153
2014-09-30,117.459999,117.760002,117.129997,117.5,63600,102.063835
2014-10-01,117.370003,117.370003,116.510002,116.739998,226100,101.403664
2014-10-02,116.610001,117.18,116.339996,116.889999,137000,101.533966
2014-10-03,117.650002,118.290001,117.300003,118.190002,113000,102.663185
2014-10-06,118.459999,118.459999,117.559998,118.309998,121700,102.76741
2014-10-07,117.800003,118.480003,117.639999,117.669998,238800,102.211494
2014-10-08,117.760002,119.300003,117.620003,119.290001,133300,103.618668
2014-10-09,119.120003,119.809998,118.059998,118.099998,97700,102.585014
2014-10-10,118.080002,119.690002,117.889999,118.540001,160400,102.967216
2014-10-13,118.419998,118.68,116.879997,116.940002,112800,101.577408
2014-10-14,117.419998,117.540001,116.68,116.949997,403400,101.586082
2014-10-15,115.660004,116.400002,113.949997,115.720001,204200,100.517677
2014-10-16,114.129997,115.389999,113.769997,114.830002,119300,99.744591
2014-10-17,115.669998,116.260002,114.830002,116.199997,71900,100.934631
2014-10-20,115.889999,117.889999,115.889999,117.800003,745400,102.324417
2014-10-21,117.730003,118.449997,117.199997,118.360001,127700,102.810844
2014-10-22,118.489998,119.410004,118.489998,118.540001,123300,102.967216
2014-10-23,119.220001,119.279999,118.360001,118.519997,97400,102.949829
2014-10-24,118.769997,119.5,118.739998,119.449997,65200,103.75766
2014-10-27,118.910004,120.099998,118.910004,119.68,93700,103.957443
2014-10-28,120.050003,120.290001,119.699997,120.260002,72900,104.461258
2014-10-29,120.389999,120.57,119.470001,120.18,96400,104.391754
2014-10-30,119.790001,121.169998,119.610001,120.93,62100,105.043243
2014-10-31,121.919998,122,121.449997,121.82,100000,105.816315
2014-11-03,121.699997,122.309998,121.599998,122.279999,179900,106.215874
2014-11-04,122,123.019997,122,122.830002,106300,106.693619
2014-11-05,123.489998,124.099998,123.040001,123.580002,97300,107.3451
2014-11-06,123.75,124.050003,123.330002,123.900002,273100,107.623047
2014-11-07,123.769997,124.139999,123.169998,124.120003,75700,107.814156
2014-11-10,124.18,124.739998,123.800003,124.720001,60900,108.335304
2014-11-11,124.730003,124.839996,124.209999,124.440002,71000,108.092117
2014-11-12,124.080002,124.699997,123.940002,124.529999,62400,108.170288
2014-11-13,124.599998,125.599998,124.580002,125.019997,64700,108.595924
2014-11-14,125.059998,125.059998,124.019997,124.330002,71900,107.996582
2014-11-17,124.199997,125.050003,124.199997,125.029999,76800,108.604599
2014-11-18,125.080002,125.690002,124.959999,125.589996,71400,109.091042
2014-11-19,125.599998,126.110001,125.370003,126.019997,94300,109.464539
2014-11-20,125.589996,125.800003,125.32,125.529999,63700,109.038925
2014-11-21,126.639999,126.669998,125.889999,126.129997,112800,109.560089
2014-11-24,126.410004,126.559998,125.809998,125.959999,111600,109.412422
2014-11-25,126.080002,126.389999,125.800003,126.190002,113500,109.612221
2014-11-26,126.239998,126.730003,126.239998,126.709999,67200,110.063896
2014-11-28,126.910004,128.529999,126.910004,128.080002,63400,111.253914
2014-12-01,127.68,127.849998,127.169998,127.389999,122500,110.654572
2014-12-02,127.400002,127.910004,127.349998,127.75,128900,110.967278
2014-12-03,127.730003,127.779999,126.830002,127.099998,99800,110.402657
2014-12-04,127.089996,127.18,126.410004,126.989998,78900,110.307129
2014-12-05,127.050003,127.25,126.559998,127.239998,63700,110.524277
2014-12-08,127,127.660004,126.650002,126.910004,89300,110.237633
2014-12-09,126.050003,126.639999,125.32,126.629997,101200,109.994415
2014-12-10,126.650002,126.919998,125.25,125.309998,124400,108.847801
2014-12-11,125.720001,127.139999,125.720001,126.410004,78500,109.803291
2014-12-12,125.800003,126.790001,124.760002,124.860001,107000,108.45694
2014-12-15,125.190002,125.639999,123.5,123.949997,156400,107.666489
2014-12-16,123.540001,125.860001,123.370003,123.419998,154400,107.206108
2014-12-17,123.830002,125.489998,123.709999,125.300003,109300,108.839142
2014-12-18,124.110001,125.419998,123.660004,125.419998,160900,111.086189
2014-12-19,125.550003,125.980003,125.080002,125.279999,139100,110.962196
2014-12-22,125.470001,126.389999,125.470001,126.389999,127800,111.945335
2014-12-23,126.720001,127.540001,126.529999,127.389999,108300,112.831032
2014-12-24,127.650002,127.769997,127.129997,127.139999,193500,112.609627
2014-12-26,127.389999,127.739998,127.25,127.379997,69800,112.822189
2014-12-29,127.300003,127.300003,126.589996,127.050003,502500,112.529907
2014-12-30,126.870003,127.120003,126.459999,126.510002,147300,112.051613
2014-12-31,126.919998,126.919998,124.959999,125.239998,83100,110.926765
2015-01-02,125.449997,125.540001,123.82,124.480003,258200,110.253632
2015-01-05,124.370003,124.580002,123.370003,123.459999,165600,109.350204
2015-01-06,124.019997,124.629997,122.900002,123.360001,195700,109.261627
2015-01-07,124.290001,125.510002,124.169998,125.389999,112500,111.059616
2015-01-08,126.480003,127.449997,126.269997,127.32,255100,112.769043
2015-01-09,127.739998,127.739998,126.309998,126.339996,115600,111.901047
2015-01-12,126.5,126.620003,125.580002,125.830002,129400,111.449326
2015-01-13,126.57,127.360001,125,125.779999,174100,111.405045
2015-01-14,124.769997,125.540001,124.599998,125.440002,123800,111.10392
2015-01-15,125.919998,126.32,125.209999,125.720001,87900,111.351929
2015-01-16,125.519997,126.720001,125.419998,126.660004,115100,112.184471
2015-01-20,127.120003,127.669998,126.080002,127.150002,515800,112.618477
2015-01-21,126.900002,127.709999,126.279999,127.610001,154400,113.025902
2015-01-22,128.080002,129.020004,127.099998,128.990005,121200,114.248199
2015-01-23,128.460007,128.460007,127.639999,127.660004,143700,113.070198
2015-01-26,127.559998,127.860001,127.089996,127.779999,114000,113.176483
2015-01-27,126.769997,126.830002,125.709999,126.300003,188000,111.865616
2015-01-28,126.779999,127.120003,124.75,124.900002,116200,110.625633
2015-01-29,125.220001,125.870003,124.300003,125.769997,109600,111.396187
2015-01-30,125.199997,125.199997,123.32,123.440002,113700,109.332489
2015-02-02,123.709999,125.029999,122.540001,125.029999,217900,110.740753
2015-02-03,125.529999,126.129997,125.040001,126.129997,109200,111.71505
2015-02-04,125.940002,127.07,125.940002,126.25,116300,111.821327
2015-02-05,126.470001,126.910004,126.279999,126.870003,111200,112.370483
2015-02-06,127.029999,127.029999,125.900002,126.370003,81400,111.927612
2015-02-09,126.139999,126.230003,125.120003,125.459999,106000,111.121635
2015-02-10,126.5,126.949997,125.809998,126.830002,129800,112.335068
2015-02-11,127.089996,127.720001,126.599998,127.470001,142400,112.901901
2015-02-12,127.760002,127.910004,127.349998,127.889999,82600,113.273911
2015-02-13,127.889999,127.889999,127.220001,127.480003,94100,112.910774
2015-02-17,127.370003,127.639999,126.699997,127.489998,164300,112.919617
2015-02-18,127.349998,128.149994,127.260002,128.149994,69900,113.504181
2015-02-19,127.849998,127.949997,127.339996,127.419998,78000,112.857628
2015-02-20,127.230003,127.849998,126.550003,127.760002,107800,113.158768
2015-02-23,127.699997,128.160004,127.699997,128.130005,76000,113.486481
2015-02-24,128.160004,128.639999,127.860001,128.559998,116100,113.867332
2015-02-25,128.479996,128.649994,128,128.169998,76000,113.521896
2015-02-26,128.080002,128.360001,127.809998,128.279999,73300,113.619331
2015-02-27,128.399994,128.910004,128.270004,128.720001,69300,114.009048
2015-03-02,128.75,128.990005,128.490005,128.929993,101600,114.195053
2015-03-03,128.880005,128.880005,127.910004,128.460007,82000,113.778763
2015-03-04,128.309998,128.309998,127.300003,127.610001,75700,113.025902
2015-03-05,128.059998,128.080002,127.589996,128.039993,117400,113.406746
2015-03-06,127.489998,127.489998,125.290001,125.690002,151300,111.32534
2015-03-09,125.980003,126.449997,125.720001,126.260002,90900,111.8302
2015-03-10,125.5,125.5,124.400002,124.400002,140200,110.182762
2015-03-11,124.650002,124.650002,123.32,123.629997,103100,109.500763
2015-03-12,124,125.389999,123.949997,125.379997,87000,111.050766
2015-03-13,125.279999,125.279999,123.730003,124.480003,109700,110.253632
2015-03-16,125.080002,125.849998,125,125.82,1680400,111.440483
2015-03-17,125.690002,125.690002,124.730003,125.099998,97100,110.802757
2015-03-18,124.93,126.459999,123.440002,125.910004,130400,111.520195
2015-03-19,125.650002,125.900002,125.300003,125.459999,68600,111.121635
2015-03-20,125.940002,127.010002,125.760002,126.949997,87200,112.441338
2015-03-23,126.93,127.959999,126.93,127.379997,153900,112.822189
2015-03-24,127.629997,127.900002,126.660004,126.660004,101200,112.184471
2015-03-25,127.900002,128.199997,126.360001,126.410004,126900,111.963036
2015-03-26,126.019997,126.389999,125.529999,125.900002,63500,111.51133
2015-03-27,125.980003,126.800003,125.900002,126.760002,88200,112.273048
2015-03-30,127.239998,128.029999,126.610001,127.989998,132900,113.362473
2015-03-31,127.57,129,125.120003,126.989998,155200,112.476768
2015-04-01,126.93,126.989998,125.830002,126.989998,146000,112.476768
2015-04-02,127,128.050003,126.959999,127.860001,65000,113.247337
2015-04-06,127.489998,129.320007,127.410004,128.929993,76000,114.195053
2015-04-07,128.929993,129.25,128.25,128.279999,98200,113.619331
2015-04-08,128.470001,128.759995,127.93,128.429993,77500,113.752174
2015-04-09,128.529999,128.919998,127.959999,128.860001,52400,114.133049
2015-04-10,128.910004,129.360001,128.639999,129,47500,114.257065
2015-04-13,128.759995,129.110001,128.380005,128.449997,90100,113.769905
2015-04-14,128.509995,128.910004,127.949997,128.690002,97500,113.982475
2015-04-15,129,129.369995,128.339996,128.440002,95000,113.761055
2015-04-16,128.669998,129.199997,128.539993,128.759995,104900,114.044495
2015-04-17,128.25,128.25,126.839996,127.550003,85700,112.972755
2015-04-20,128.110001,128.639999,127.949997,127.949997,56000,113.327049
2015-04-21,128.410004,128.770004,127.970001,128.110001,61500,113.468765
2015-04-22,128.380005,128.380005,127.550003,128.289993,77200,113.628189
2015-04-23,127.830002,128.410004,127.690002,127.860001,88700,113.247337
2015-04-24,128.029999,128.179993,127.730003,127.779999,99500,113.176483
2015-04-27,127.989998,128,127.040001,127.129997,135600,112.600739
2015-04-28,127.279999,127.410004,126.639999,127.190002,71400,112.653908
2015-04-29,126.989998,126.989998,125.980003,126.120003,83600,111.7062
2015-04-30,126.099998,126.220001,125.080002,125.540001,90900,111.192474
2015-05-01,125.970001,126.68,125.809998,126.660004,134700,112.184471
2015-05-04,127,127.220001,126.730003,126.949997,74900,112.441338
2015-05-05,126.879997,126.989998,125.709999,125.919998,91500,111.529053
2015-05-06,126.379997,126.550003,125.639999,126.309998,64800,111.874481
2015-05-07,125.809998,126.760002,125.639999,126.57,74300,112.104759
2015-05-08,127.309998,128.059998,127.309998,127.540001,52300,112.963905
2015-05-11,127.349998,127.989998,127.080002,127.080002,62600,112.55648
2015-05-12,126.629997,127.230003,126.190002,126.910004,42200,112.405922
2015-05-13,127.120003,127.599998,126.739998,126.849998,62800,112.35276
2015-05-14,127.5,128.789993,127.5,128.710007,63300,114.000191
2015-05-15,128.789993,129.160004,128.75,129.149994,67700,114.3899
2015-05-18,128.929993,129.190002,128.649994,128.979996,49700,114.239326
2015-05-19,129.050003,129.050003,128.259995,128.649994,69000,113.94706
2015-05-20,128.699997,128.979996,128.429993,128.429993,52400,113.752174
2015-05-21,128.520004,128.759995,128.020004,128.559998,62800,113.867332
2015-05-22,128.479996,128.479996,128.070007,128.160004,39500,113.513054
2015-05-26,127.989998,128.089996,126.910004,127.169998,82100,112.636177
2015-05-27,127.470001,128.029999,127.389999,127.940002,52300,113.318192
2015-05-28,127.720001,127.93,127.25,127.75,66300,113.149902
2015-05-29,127.739998,127.739998,126.760002,127.010002,62800,112.494476
2015-06-01,127.309998,127.389999,126.540001,127.010002,60400,112.494476
2015-06-02,126.82,126.910004,126.059998,126.559998,82400,112.095901
2015-06-03,126.900002,127.059998,126.419998,126.57,57600,112.104759
2015-06-04,126.349998,126.629997,125.419998,125.489998,87300,111.148193
2015-06-05,125.400002,125.459999,123.940002,124.010002,229700,109.837349
2015-06-08,123.980003,124.260002,123.699997,123.870003,82500,109.713348
2015-06-09,123.870003,124.860001,123.779999,124.370003,84300,110.156197
2015-06-10,124.760002,125.839996,124.760002,125.610001,67300,111.254486
2015-06-11,125.800003,126.169998,125.510002,125.610001,69600,111.254486
2015-06-12,125.309998,125.309998,124.769997,125.220001,69400,110.90905
2015-06-15,124.739998,124.839996,124.190002,124.260002,84100,110.058762
2015-06-16,124.699997,125.669998,124.480003,125.629997,90400,111.272186
2015-06-17,125.839996,126.480003,125.339996,126.239998,205000,111.812485
2015-06-18,126.43,128.080002,126.43,127.540001,101400,112.963905
2015-06-19,127.519997,128.119995,127.43,127.610001,94700,113.025902
2015-06-22,128.199997,128.529999,127.970001,128.029999,62600,113.397903
2015-06-23,128.110001,128.110001,127.419998,127.68,67800,113.087898
2015-06-24,127.489998,127.760002,127.050003,127.089996,65100,112.565323
2015-06-25,127.32,127.489998,126.830002,126.830002,76800,112.335068
2015-06-26,127.010002,127.410004,126.760002,127.019997,47100,112.503326
2015-06-29,125.919998,126.510002,124.989998,124.989998,99500,110.705345
2015-06-30,125.779999,125.779999,124.889999,124.889999,95800,110.616768
2015-07-01,125.690002,126.389999,125.160004,126.339996,85600,111.901047
2015-07-02,126.57,126.849998,125.889999,126.25,71500,111.821327
2015-07-06,125.370003,126.550003,125.370003,126.07,61700,111.661919
2015-07-07,126.209999,128.550003,125.900002,128.440002,81600,113.761055
2015-07-08,127.589996,127.949997,127,127.010002,75900,112.494476
2015-07-09,128.25,128.649994,127.059998,127.059998,110000,112.538765
2015-07-10,128.029999,128.770004,128.029999,128.490005,71900,113.805328
2015-07-13,129.139999,129.809998,129.139999,129.770004,73300,114.939041
2015-07-14,129.860001,129.990005,129.570007,129.880005,67500,115.036484
2015-07-15,129.809998,129.970001,129.289993,129.449997,90200,114.655609
2015-07-16,130.039993,130.960007,130.039993,130.830002,51800,115.877899
2015-07-17,130.639999,130.699997,130,130.660004,69200,115.727333
2015-07-20,130.839996,130.979996,130.429993,130.889999,66800,115.931053
2015-07-21,130.839996,130.910004,130.119995,130.399994,82900,115.497047
2015-07-22,130.479996,131.110001,130.470001,130.759995,62300,115.815895
2015-07-23,130.960007,130.960007,130.009995,130.139999,70900,115.266762
2015-07-24,129.949997,130.190002,129.25,129.399994,54300,114.611305
2015-07-27,129.020004,129.369995,128.479996,129.199997,91300,114.434181
2015-07-28,129.929993,130.729996,129.449997,130.690002,83900,115.753922
2015-07-29,130.979996,131.449997,130.630005,131.179993,290000,116.187912
2015-07-30,130.740005,131.050003,130,130.899994,70100,115.939896
2015-07-31,131.440002,131.5,130.940002,131,71600,116.028465
2015-08-03,131.020004,131.399994,130.740005,131.360001,95600,116.347343
2015-08-04,131.259995,131.589996,130.809998,131.5,80400,116.471329
2015-08-05,131.910004,132.770004,131.910004,132.630005,86000,117.472168
2015-08-06,132.899994,133,131.460007,131.639999,64900,116.595337
2015-08-07,131.679993,131.679993,130.389999,130.850006,62000,115.89563
2015-08-10,131.470001,131.800003,131.229996,131.479996,63100,116.453644
2015-08-11,130.729996,131.300003,130.529999,130.949997,79900,115.984184
2015-08-12,130.360001,131.050003,129.210007,131.050003,121400,116.072769
2015-08-13,131.139999,131.320007,130.470001,130.619995,87400,115.691887
2015-08-14,130.509995,131.100006,130.339996,131.100006,43700,116.117058
2015-08-17,130.789993,131.300003,130.240005,131.259995,58500,116.258766
2015-08-18,130.979996,131.100006,130.429993,130.550003,164600,115.629906
2015-08-19,130.320007,130.320007,128.789993,129.259995,95200,114.487335
2015-08-20,128.399994,129.210007,128.009995,128.130005,145400,113.486481
2015-08-21,127.099998,127.239998,124.75,124.779999,223200,110.519333
2015-08-24,117.449997,122.900002,84.620003,120.519997,515400,106.746178
2015-08-25,121.720001,125.209999,119.360001,119.360001,1350600,105.718781
2015-08-26,120.550003,123,119.519997,122.870003,173300,108.827621
2015-08-27,124.089996,125.089996,122.510002,124.709999,169000,110.457336
2015-08-28,124.32,124.57,123.760002,124.529999,142100,110.297905
2015-08-31,124,124.059998,123.410004,123.699997,103600,109.562752
2015-09-01,122.470001,122.470001,120.43,121.089996,278200,107.25106
2015-09-02,122.300003,122.790001,121.610001,122.790001,180000,108.756775
2015-09-03,123.050003,124.43,123.050003,123.660004,90700,109.527351
2015-09-04,122.43,122.480003,121.370003,121.860001,58700,107.933044
2015-09-08,123.610001,124.300003,122.879997,124.260002,86400,110.058762
2015-09-09,125.230003,125.230003,121.970001,122.169998,51900,108.207619
2015-09-10,121.940002,123.260002,121.82,122.449997,70600,108.455627
2015-09-11,122.239998,123.150002,122,123.150002,50000,109.07563
2015-09-14,123.239998,123.239998,122.470001,122.779999,45100,108.74791
2015-09-15,122.809998,124.440002,122.540001,124.25,88300,110.049919
2015-09-16,124.889999,125.739998,124.75,125.589996,80500,111.236771
2015-09-17,125.57,127.120003,125.349998,125.669998,81200,111.307625
2015-09-18,124.230003,125.489998,123.870003,124.019997,81800,109.846191
2015-09-21,124.5,125.43,124.480003,125.07,102300,110.776176
2015-09-22,123.900002,123.900002,122.949997,123.57,69000,109.447632
2015-09-23,121.379997,121.470001,120.760002,121.379997,57100,109.633675
2015-09-24,120.529999,121.669998,120.400002,121.510002,99200,109.751106
2015-09-25,123.139999,123.419998,121.800003,122.32,77300,110.482719
2015-09-28,121.889999,121.970001,120,120.220001,114600,108.585938
2015-09-29,121.68,121.68,119.5,120.099998,194500,108.477539
2015-09-30,121.279999,121.620003,120.389999,121.260002,130700,109.525284
2015-10-01,121.68,121.68,120.239998,121.239998,248300,109.507233
2015-10-02,120.010002,122.900002,119.919998,122.900002,82100,111.006599
2015-10-05,123.510002,125.220001,123.510002,125.110001,84300,113.002701
2015-10-06,125.129997,125.360001,124.230003,124.260002,69300,112.234985
2015-10-07,124.910004,125.459999,124.339996,125.220001,106900,113.102097
2015-10-08,125.050003,126.839996,124.93,126.800003,103500,114.529182
2015-10-09,126.989998,127.550003,126.809998,127.269997,103400,114.953697
2015-10-12,127.580002,127.669998,127.059998,127.440002,89400,115.107239
2015-10-13,127.25,127.449997,126.489998,126.580002,115100,114.330482
2015-10-14,126.510002,126.830002,124.989998,125.209999,72200,113.093048
2015-10-15,125.669998,126.410004,125.379997,126.389999,64400,114.158852
2015-10-16,126.660004,127.68,126.660004,127.669998,56300,115.314964
2015-10-19,127.360001,128.119995,127.309998,128.100006,52900,115.703377
2015-10-20,128.070007,128.210007,127.779999,127.989998,81700,115.603996
2015-10-21,128.139999,128.779999,127.82,127.900002,60500,115.52272
2015-10-22,128.789993,130.600006,128.539993,130.350006,111100,117.735619
2015-10-23,131.240005,131.240005,129.610001,130.279999,113000,117.672409
2015-10-26,130.330002,130.410004,129.75,129.919998,90900,117.347229
2015-10-27,129.490005,130.020004,129.149994,130.020004,69700,117.437576
2015-10-28,130.119995,130.139999,128.240005,129.589996,77000,117.049187
2015-10-29,129.470001,129.820007,128.940002,129.539993,99900,117.004013
2015-10-30,129.259995,129.259995,128.309998,128.309998,150000,115.893051
2015-11-02,128.679993,129.070007,128.199997,129.039993,203700,116.552399
2015-11-03,128.759995,128.770004,127.690002,128.460007,118600,116.028534
2015-11-04,128.660004,128.660004,127.43,127.779999,118800,115.414337
2015-11-05,127.839996,127.949997,127.120003,127.900002,161400,115.52272
2015-11-06,127.690002,127.690002,125.629997,126.489998,107300,114.249168
2015-11-09,126.349998,126.349998,125.050003,125.690002,104500,113.526604
2015-11-10,125.589996,126.169998,125.589996,126.029999,68400,113.833694
2015-11-11,126.32,126.660004,125.910004,125.940002,54900,113.752396
2015-11-12,125.510002,125.510002,124,124,137500,112.000145
2015-11-13,123.839996,124.080002,122.879997,122.989998,115800,111.087875
2015-11-16,122.800003,124.910004,122.75,124.879997,64800,112.794991
2015-11-17,125.110001,125.769997,124.410004,124.690002,70700,112.623367
2015-11-18,124.970001,126.540001,124.970001,126.449997,92200,114.213028
2015-11-19,126.470001,127.349998,126.470001,126.720001,208100,114.456924
2015-11-20,127.290001,127.910004,125.940002,125.959999,67400,113.770462
2015-11-23,126.199997,127.330002,126.07,127.050003,62500,114.75499
2015-11-24,126.580002,127.800003,126.529999,127.419998,92300,115.089165
2015-11-25,127.540001,128.259995,127.540001,127.940002,42900,115.558868
2015-11-27,128.009995,128.630005,128.009995,128.369995,26600,115.947235
2015-11-30,128.600006,128.679993,127.040001,127.139999,110400,114.836281
2015-12-01,127.480003,128.050003,127.279999,127.889999,342300,115.513687
2015-12-02,127.900002,128.059998,127.089996,127.18,141300,114.872406
2015-12-03,127.760002,128.089996,126.010002,126.5,100600,114.258194
2015-12-04,126.709999,129.270004,126.709999,129.169998,92800,116.669815
2015-12-07,129.520004,129.970001,129.050003,129.550003,156400,117.013069
2015-12-08,128.669998,129.389999,128.449997,129.169998,103800,116.669815
2015-12-09,128.539993,129.770004,127.589996,128.029999,188700,115.640144
2015-12-10,128.190002,128.880005,127.839996,128.070007,114500,115.676277
2015-12-11,127.18,127.43,126.309998,126.620003,147000,114.366592
2015-12-14,126.660004,127.720001,126,127.720001,117600,115.360153
2015-12-15,128.380005,129.050003,128.020004,128.509995,109000,116.0737
2015-12-16,129.220001,131.190002,129.220001,130.990005,119300,118.313713
2015-12-17,131.009995,131.009995,129.419998,129.419998,103100,116.895615
2015-12-18,129.009995,129.009995,127.059998,127.059998,157500,114.764015
2015-12-21,127.980003,128.529999,127.470001,128.529999,174400,116.091751
2015-12-22,128.839996,130.259995,128.5,130.100006,108700,117.509827
2015-12-23,129.839996,130.429993,129.600006,130.350006,114500,118.553947
2015-12-24,130.25,130.490005,130.110001,130.110001,39600,118.335663
2015-12-28,129.809998,129.910004,129.429993,129.880005,88700,118.12648
2015-12-29,130.509995,131.089996,130.509995,130.970001,97900,119.117836
2015-12-30,130.970001,131.119995,130.429993,130.509995,111600,118.699448
2015-12-31,130.330002,130.330002,128.990005,129.070007,173500,117.389786
2016-01-04,127.5,127.5,126.139999,127.400002,224500,115.870888
2016-01-05,127.639999,128.360001,127.400002,128.149994,138800,116.553017
2016-01-06,126.809998,128.130005,126.620003,127.610001,130000,116.061882
2016-01-07,126.059998,127.199997,125.519997,125.970001,240200,114.570313
2016-01-08,126.690002,126.690002,124.739998,124.989998,246900,113.678993
2016-01-11,125.580002,126.449997,124.82,126.050003,191800,114.643074
2016-01-12,126.870003,127.150002,125.739998,126.739998,215300,115.270622
2016-01-13,126.82,126.879997,124.290001,124.519997,259400,113.251534
2016-01-14,124.68,125.730003,124.099998,124.919998,222500,113.615326
2016-01-15,122.75,123.580002,121.82,122.970001,182100,111.841789
2016-01-19,123.949997,124.580002,123.389999,124.160004,256200,112.92411800000001
2016-01-20,122.639999,123.339996,120.330002,122.650002,264300,111.550751
2016-01-21,122.790001,123.639999,121.980003,123.190002,240700,112.041878
2016-01-22,124.639999,125.5,123.709999,125.190002,168500,113.860893
2016-01-25,124.910004,125.089996,124.040001,124.099998,213100,112.86953
2016-01-26,124.419998,125.970001,124.419998,125.279999,109500,113.942749
2016-01-27,125.290001,126.589996,124.300003,125.110001,186300,113.788132
2016-01-28,125.610001,126.760002,125.279999,126.309998,189700,114.879547
2016-01-29,126.809998,129.070007,126.660004,129.070007,288100,117.389786
2016-02-01,128.550003,129.869995,128.380005,129.339996,158600,117.635345
2016-02-02,128.559998,128.559998,127.410004,127.720001,239400,116.161942
2016-02-03,127.900002,128.389999,126.279999,127.470001,201600,115.93457
2016-02-04,126.93,127.099998,125.919998,126.5,165400,115.052353
2016-02-05,126.699997,126.93,125.610001,126.239998,134200,114.815865
2016-02-08,125.330002,126.120003,124.349998,125.879997,150800,114.488441
2016-02-09,124.809998,127.190002,124.75,126.489998,239800,115.043259
2016-02-10,127.150002,127.720001,126.300003,126.43,165600,114.98867
2016-02-11,124.779999,125.730003,123.989998,125.190002,268500,113.860893
2016-02-12,125.889999,127.07,125.580002,127.07,175600,115.57077
2016-02-16,128.139999,128.300003,127.190002,128.100006,145100,116.507568
2016-02-17,128.740005,129.809998,128.410004,129.490005,130100,117.771774
2016-02-18,129.009995,129.300003,128.300003,128.949997,113700,117.280624
2016-02-19,128.630005,129.380005,127.93,129.220001,91800,117.526184
2016-02-22,129.940002,130.139999,129.440002,129.75,114400,118.008232
2016-02-23,129.449997,129.979996,129.419998,129.699997,191700,117.962769
2016-02-24,129.149994,130.300003,128.539993,130.160004,106500,118.381149
2016-02-25,130.410004,131.729996,130.399994,131.720001,114500,119.79995
2016-02-26,131.899994,131.899994,129.789993,130.089996,160200,118.317451
2016-02-29,130.070007,130.860001,129.529999,129.589996,101000,117.862709
2016-03-01,130.300003,130.970001,130.020004,130.779999,165500,118.945038
2016-03-02,130.800003,131.240005,130.149994,131.190002,159500,119.31794
2016-03-03,130.839996,131.990005,130.369995,131.970001,150300,120.027359
2016-03-04,131.949997,132.910004,131.550003,132.589996,244300,120.591225
2016-03-07,131.960007,132.550003,131.710007,131.880005,129200,119.94545
2016-03-08,131.75,132.860001,131.309998,132.270004,223500,120.300194
2016-03-09,132.720001,133.309998,132.660004,133.220001,108400,121.1642
2016-03-10,133.630005,133.830002,132,133.100006,225800,121.055084
2016-03-11,133.889999,133.919998,133.210007,133.729996,109100,121.628052
2016-03-14,133.610001,133.889999,133.270004,133.649994,134600,121.555313
2016-03-15,133.149994,134.020004,133.080002,133.789993,163300,121.682632
2016-03-16,133.690002,134.419998,132.949997,134.149994,162400,122.010056
2016-03-17,134.130005,135.399994,134.029999,135.199997,145600,122.965019
2016-03-18,135.679993,135.679993,134.839996,135,204200,122.783112
2016-03-21,134.240005,134.860001,133.869995,134.440002,130900,122.850769
2016-03-22,134.279999,134.279999,133.350006,133.5,178100,121.991791
2016-03-23,133.479996,133.910004,133.130005,133.419998,186100,121.918678
2016-03-24,133.100006,133.360001,132.800003,133.360001,158600,121.863869
2016-03-28,133.509995,134.259995,133.509995,133.869995,148100,122.329895
2016-03-29,134.119995,135.110001,133.820007,135.110001,133100,123.463013
2016-03-30,135.580002,135.970001,135.330002,135.699997,110800,124.002121
2016-03-31,135.710007,136,135.220001,135.320007,218700,123.654877
2016-04-01,134.820007,137.059998,134.729996,136.960007,199200,125.153519
2016-04-04,137,137,136.070007,136.580002,125900,124.806297
2016-04-05,136.270004,136.320007,135.479996,135.679993,85300,123.983856
2016-04-06,135.860001,136.75,135.679993,136.710007,128300,124.925102
2016-04-07,136.300003,136.300003,134.899994,135.449997,127200,123.77372
2016-04-08,135.929993,136.229996,135.690002,136.100006,145000,124.367653
2016-04-11,136.449997,136.589996,135.080002,135.149994,147000,123.499542
2016-04-12,135.259995,136.130005,135.220001,135.960007,128400,124.239731
2016-04-13,136.520004,136.520004,134.589996,135.130005,143400,123.481277
2016-04-14,135.110001,135.300003,134.380005,134.470001,127200,122.878174
2016-04-15,134.720001,135.369995,134.369995,135.360001,121400,123.69146
2016-04-18,135.25,135.929993,135.029999,135.800003,110300,124.093513
2016-04-19,135.75,136.130005,135.5,136.009995,103700,124.285431
2016-04-20,135.839996,135.860001,134.350006,134.369995,109900,122.786789
2016-04-21,134.330002,134.330002,132.059998,132.059998,185900,120.675934
2016-04-22,131.889999,132.729996,131.360001,132.729996,105300,121.288155
2016-04-25,132.460007,133.550003,132.190002,133.520004,101800,122.010094
2016-04-26,133.830002,134,132.960007,133.289993,121300,121.799911
2016-04-27,133.720001,134.270004,132.75,133.850006,83300,122.311615
2016-04-28,133.559998,134.839996,133.559998,133.990005,86000,122.43956
2016-04-29,133.910004,134.070007,133.059998,133.869995,118000,122.329895
2016-05-02,134.130005,135.380005,134.130005,135.25,233900,123.590927
2016-05-03,134.990005,135.419998,134.5,134.929993,165300,123.298508
2016-05-04,134.490005,135.5,134.169998,135.259995,104400,123.600052
2016-05-05,135.240005,136.050003,134.919998,135.360001,149800,123.69146
2016-05-06,135.25,136.070007,134.800003,135.990005,134200,124.267143
2016-05-09,136.300003,137.160004,136.199997,136.809998,105100,125.016464
2016-05-10,137.229996,138.169998,137.229996,138.139999,104400,126.231804
2016-05-11,138.020004,138.119995,137.029999,137.089996,84700,125.272316
2016-05-12,137.580002,138.020004,137.179993,137.850006,115400,125.966812
2016-05-13,137.639999,137.639999,135.770004,136.119995,100300,124.385933
2016-05-16,136.210007,137.130005,135.729996,136.830002,74400,125.034721
2016-05-17,136.800003,136.800003,133.839996,134.210007,101700,122.640594
2016-05-18,133.639999,133.949997,132.25,132.919998,142200,121.461777
2016-05-19,132.940002,133.940002,132.75,133.919998,78400,122.375587
2016-05-20,134.240005,134.5,133.229996,133.429993,93700,121.927841
2016-05-23,133.490005,133.830002,133.380005,133.479996,92400,121.973511
2016-05-24,133.779999,134.910004,133.779999,134.710007,80200,123.097466
2016-05-25,134.990005,135.399994,134.630005,134.880005,84100,123.252831
2016-05-26,135.220001,135.669998,135.110001,135.389999,101400,123.71888
2016-05-27,135.559998,135.800003,135.199997,135.539993,97200,123.855949
2016-05-31,136,136.029999,134.550003,135,120000,123.362465
2016-06-01,134.960007,136.100006,134.960007,136.100006,97000,124.367653
2016-06-02,135.990005,136.380005,135.539993,136.380005,78900,124.623535
2016-06-03,136.5,137.220001,136.300003,137.110001,95400,125.290596
2016-06-06,137.479996,137.669998,136.75,137.220001,93400,125.391106
2016-06-07,137.429993,137.759995,137.050003,137.240005,112400,125.409393
2016-06-08,137.199997,138.029999,137.149994,137.899994,88500,126.012474
2016-06-09,137.800003,138.630005,137.800003,138.520004,70900,126.579063
2016-06-10,137.919998,138.720001,137.770004,138.529999,121300,126.588181
2016-06-13,138.380005,138.639999,137.300003,137.380005,75300,125.537323
2016-06-14,137.199997,137.740005,136.410004,137.669998,149900,125.802315
2016-06-15,137.759995,138.179993,137.259995,137.380005,96800,125.537323
2016-06-16,137.039993,138.320007,136.869995,138.320007,176300,126.396301
2016-06-17,138.050003,138.100006,136.919998,137.740005,102500,125.86628
2016-06-20,138.559998,139.070007,138.039993,138.110001,139200,126.204384
2016-06-21,137.820007,138.210007,137.669998,137.830002,80200,126.648201
2016-06-22,138.020004,138.410004,137.740005,137.820007,165700,126.639023
2016-06-23,138.520004,138.779999,138.119995,138.779999,166600,127.521164
2016-06-24,135.699997,137.699997,135.229996,135.970001,244500,124.939095
2016-06-27,135.589996,135.839996,134.720001,135.490005,208100,124.498039
2016-06-28,136.529999,136.529999,135.240005,136.419998,259400,125.352562
2016-06-29,137.160004,138.070007,137.130005,137.979996,141900,126.786034
2016-06-30,138.270004,141.210007,138.240005,141.210007,165900,129.754013
2016-07-01,141.479996,141.509995,140.619995,140.770004,214800,129.349686
2016-07-05,140.630005,142.050003,140.610001,141.320007,186100,129.855087
2016-07-06,141.289993,141.639999,140.570007,141.460007,141500,129.983719
2016-07-07,142.009995,142.270004,141.059998,141.419998,277800,129.946945
2016-07-08,141.949997,142.979996,141.5,142.929993,118200,131.334427
2016-07-11,142.869995,143.300003,142.190002,142.889999,139100,131.297714
2016-07-12,142.880005,142.889999,142.160004,142.279999,235100,130.737213
2016-07-13,142.529999,143.070007,142.110001,142.899994,920000,131.30687
2016-07-14,142.990005,143.710007,142.800003,143,158200,131.398773
2016-07-15,143.389999,143.630005,142.710007,143.050003,174800,131.444702
2016-07-18,143.139999,143.139999,142.600006,142.839996,195700,131.251755
2016-07-19,142.5,142.649994,142.070007,142.630005,146100,131.058807
2016-07-20,142.800003,142.800003,142.199997,142.259995,131800,130.718811
2016-07-21,142,142,141.309998,141.809998,203400,130.305328
2016-07-22,142.080002,142.559998,142.080002,142.470001,84400,130.911789
2016-07-25,142.309998,142.380005,141.789993,142.350006,85700,130.801514
2016-07-26,142.389999,142.679993,141.309998,141.399994,179400,129.928589
2016-07-27,141.199997,141.199997,139.020004,139.449997,146100,128.136765
2016-07-28,139.460007,140.240005,139.020004,140.080002,102700,128.715683
2016-07-29,140.059998,140.970001,139.949997,140.710007,108200,129.294571
2016-08-01,140.820007,141.149994,140.229996,140.929993,128300,129.496704
2016-08-02,141.020004,141.130005,139.979996,140.520004,187000,129.11998
2016-08-03,140.460007,140.5,139.520004,139.820007,142900,128.476791
2016-08-04,140.059998,140.699997,139.759995,140.179993,96200,128.807556
2016-08-05,140.639999,141.229996,140.320007,140.619995,91800,129.211853
2016-08-08,140.699997,140.699997,139.940002,140.419998,108700,129.028107
2016-08-09,140.419998,141.25,140.369995,140.779999,107900,129.358887
2016-08-10,140.949997,141.5,140.949997,141.300003,95400,129.83667
2016-08-11,141.630005,141.899994,141.160004,141.229996,109700,129.772369
2016-08-12,141.350006,141.779999,141.350006,141.600006,85900,130.112366
2016-08-15,141.990005,141.990005,141.410004,141.429993,93800,129.956131
2016-08-16,141.050003,141.050003,140.580002,140.639999,78700,129.23024
2016-08-17,140.5,141.080002,139.970001,141,140300,129.56105
2016-08-18,141.149994,141.520004,141.110001,141.470001,108600,129.992889
2016-08-19,141.169998,141.179993,140.770004,141.130005,61300,129.680481
2016-08-22,141.160004,141.399994,140.889999,141.259995,80600,129.799942
2016-08-23,141.550003,141.600006,141.020004,141.020004,78800,129.579391
2016-08-24,141.110001,141.110001,140.440002,140.779999,81000,129.358887
2016-08-25,141,141,140.160004,140.289993,79200,128.908646
2016-08-26,140.389999,141.009995,139.289993,139.690002,192200,128.3573
2016-08-29,139.759995,140.470001,139.759995,140.440002,93300,129.046448
2016-08-30,140.369995,140.399994,139.470001,139.729996,97200,128.394058
2016-08-31,139.660004,140.029999,139.369995,139.979996,67000,128.623779
2016-09-01,139.779999,139.979996,139.160004,139.889999,106200,128.541107
2016-09-02,140.460007,141.229996,140.460007,140.979996,96100,129.542664
2016-09-06,141.029999,141.279999,140.360001,141.279999,67100,129.818314
2016-09-07,140.949997,140.960007,139.779999,140.059998,104600,128.697311
2016-09-08,139.899994,139.940002,139.160004,139.419998,113700,128.109238
2016-09-09,138.5,138.529999,135.570007,135.580002,228300,124.58075
2016-09-12,135.539993,138.119995,135.470001,137.990005,116100,126.795227
2016-09-13,137.300003,137.350006,135.970001,136.279999,189900,125.223961
2016-09-14,136.339996,136.779999,135.5,135.789993,107900,124.773697
2016-09-15,135.649994,137.029999,135.520004,136.940002,78000,125.830437
2016-09-16,136.550003,136.639999,135.729996,136.399994,180800,125.334206
2016-09-19,136.630005,137.050003,136.309998,136.309998,90000,125.251518
2016-09-20,135.820007,136.199997,135.699997,135.699997,87100,125.46785
2016-09-21,135.839996,136.710007,135.110001,136.529999,73800,126.235298
2016-09-22,136.940002,137.899994,136.940002,137.759995,77400,127.372536
2016-09-23,137.649994,137.75,137.070007,137.080002,198400,126.74382
2016-09-26,136.779999,136.809998,135.850006,135.940002,174100,125.689812
2016-09-27,136.100006,136.860001,135.190002,136.509995,115200,126.216805
2016-09-28,136.809998,137,136.059998,136.690002,70500,126.383224
2016-09-29,136.729996,136.740005,135.410004,135.559998,142400,125.33844
2016-09-30,136.059998,137.309998,136.059998,136.880005,133800,126.558907
2016-10-03,136.679993,136.699997,135.869995,136.130005,123600,125.865456
2016-10-04,136.199997,136.199997,134.779999,134.970001,196100,124.7929
2016-10-05,135.259995,135.309998,134.619995,134.889999,122500,124.718964
2016-10-06,134.580002,135.479996,134.25,135.100006,121700,124.913124
2016-10-07,135.220001,135.300003,133.850006,134.820007,107500,124.654251
2016-10-10,134.820007,135.509995,134.559998,134.889999,195200,124.718964
2016-10-11,134.770004,134.889999,133.679993,134.089996,105000,123.979271
2016-10-12,134.300003,135.110001,134.149994,134.779999,91500,124.617249
2016-10-13,134.220001,135.100006,133.860001,134.699997,83700,124.543274
2016-10-14,134.919998,135.399994,134.770004,134.850006,97300,124.681976
2016-10-17,134.850006,134.979996,134.259995,134.279999,85700,124.154953
2016-10-18,134.889999,135.279999,134.740005,134.759995,67100,124.598747
2016-10-19,134.75,134.75,133.789993,134.029999,85100,123.92379
2016-10-20,134.210007,134.339996,133.570007,133.800003,64400,123.711143
2016-10-21,134.149994,134.630005,134.020004,134.479996,74600,124.339874
2016-10-24,134.809998,135.729996,134.809998,135.389999,87000,125.181259
2016-10-25,136.009995,136.110001,135.729996,135.800003,107300,125.560341
2016-10-26,135.789993,136.110001,135.440002,135.630005,95000,125.403152
2016-10-27,135.75,136.009995,134.740005,134.910004,62800,124.737434
2016-10-28,134.789993,136,134.789993,135.580002,85100,125.356934
2016-10-31,135.600006,136.130005,135.600006,135.809998,57600,125.569565
2016-11-01,135.940002,136.130005,134.839996,135.229996,121700,125.033302
2016-11-02,134.949997,135.610001,134.949997,134.979996,137100,124.802147
2016-11-03,135.220001,135.220001,133.779999,133.979996,67200,123.877556
2016-11-04,133.720001,133.830002,132.619995,132.660004,93800,122.657104
2016-11-07,133.660004,134.990005,133.660004,134.990005,91200,124.811417
2016-11-08,133.990005,136.029999,133.740005,135.660004,82500,125.430885
2016-11-09,131.649994,134.330002,131.649994,133.979996,236000,123.877556
2016-11-10,133.820007,133.820007,130.279999,130.5,218800,120.659966
2016-11-11,130.330002,130.759995,129.5,130.350006,156500,120.521286
2016-11-14,130.25,130.5,129.809998,130.240005,235800,120.419571
2016-11-15,130.580002,131.270004,130.410004,131.199997,201200,121.307167
2016-11-16,131.309998,131.679993,130.740005,131.300003,170100,121.399651
2016-11-17,131.089996,131.259995,130.5,131.089996,113800,121.205475
2016-11-18,130.970001,131.149994,130.490005,130.679993,131000,120.826393
2016-11-21,131.100006,131.600006,130.360001,131.600006,156600,121.677032
2016-11-22,131.929993,132.360001,131.869995,132.179993,164000,122.213295
2016-11-23,131.720001,132.059998,131.289993,131.399994,108200,121.492111
2016-11-25,131.710007,132.460007,131.710007,132.429993,74400,122.444443
2016-11-28,132.360001,132.839996,132.119995,132.630005,125000,122.629379
2016-11-29,132.669998,132.929993,132.449997,132.740005,83900,122.731079
2016-11-30,132.389999,132.550003,130.710007,130.710007,184800,120.854141
2016-12-01,130.729996,130.729996,129.240005,129.740005,207300,119.957275
2016-12-02,130.110001,130.740005,130.100006,130.619995,199000,120.77092
2016-12-05,130.919998,131.089996,130.639999,130.929993,184800,121.057518
2016-12-06,131.139999,131.380005,130.919998,131.369995,165300,121.464355
2016-12-07,131.399994,133.369995,131.399994,133.220001,139900,123.174858
2016-12-08,133,133.389999,132.649994,132.869995,192000,122.851257
2016-12-09,133.029999,134.740005,133.029999,134.679993,118700,124.524773
2016-12-12,134.350006,135.320007,134.350006,135.160004,155400,124.968613
2016-12-13,135.279999,136,135.160004,135.660004,205300,125.430885
2016-12-14,134.889999,135.25,133.009995,133.350006,200200,124.181198
2016-12-15,133.320007,134.330002,132.949997,134.020004,143000,124.805107
2016-12-16,134.369995,134.779999,134.110001,134.710007,119200,125.447647
2016-12-19,134.850006,135.149994,134.600006,134.970001,155100,125.689766
2016-12-20,134.820007,134.869995,134.330002,134.789993,297700,125.522148
2016-12-21,134.809998,135.440002,134.789993,134.789993,103900,125.522148
2016-12-22,134.600006,134.789993,134.300003,134.570007,96400,125.317284
2016-12-23,134.380005,134.869995,134.380005,134.809998,63500,125.540771
2016-12-27,134.779999,135.059998,134.690002,134.820007,105800,125.550117
2016-12-28,134.850006,134.919998,134,134.080002,86900,124.860985
2016-12-29,134.100006,134.679993,134.100006,134.559998,97100,125.307983
2016-12-30,134.720001,134.720001,133.690002,133.990005,138100,124.777184
2017-01-03,134.470001,134.479996,133.759995,134.429993,173000,125.186913
2017-01-04,134.669998,135.160004,134.600006,134.639999,179300,125.382477
2017-01-05,134.630005,135.059998,134.160004,134.880005,142500,125.605972
2017-01-06,134.830002,135.110001,134.25,134.830002,121700,125.559387
2017-01-09,134.479996,134.479996,133.779999,133.929993,138900,124.721283
2017-01-10,133.820007,133.910004,133.039993,133.199997,131800,124.041481
2017-01-11,133.160004,133.660004,133.059998,133.479996,130400,124.302223
2017-01-12,133.289993,133.529999,133.119995,133.440002,97000,124.264992
2017-01-13,133.330002,133.490005,133.119995,133.419998,108500,124.246346
2017-01-17,133.470001,135.119995,133.470001,135.070007,189800,125.782928
2017-01-18,135.169998,135.600006,135.100006,135.559998,86700,126.23922
2017-01-19,135.490005,135.490005,134.699997,135,111700,125.717697
2017-01-20,135.600006,136.309998,135.169998,135.779999,114700,126.444092
2017-01-23,135.440002,135.679993,135.25,135.580002,447600,126.257851
2017-01-24,135.820007,136.710007,135.779999,136.550003,91800,127.161133
2017-01-25,136.830002,137.169998,136.639999,136.669998,119100,127.272903
2017-01-26,136.610001,136.740005,136.050003,136.100006,90400,126.742081
2017-01-27,136,136.009995,134.910004,135.240005,123400,125.941238
2017-01-30,135.100006,135.240005,134.699997,135.149994,115700,125.857384
2017-01-31,135.039993,135.75,135.039993,135.75,139400,126.416168
2017-02-01,135.279999,135.5,134.699997,134.889999,127800,125.615288
2017-02-02,135.5,136.360001,135.5,135.910004,127700,126.565155
2017-02-03,136.339996,137.119995,136.190002,136.630005,89200,127.235634
2017-02-06,136.669998,136.669998,135.970001,135.979996,90300,126.630333
2017-02-07,136.270004,137.240005,136.179993,137.100006,105500,127.673309
2017-02-08,137.100006,137.699997,136.919998,137.600006,132400,128.138977
2017-02-09,137.570007,138.419998,137.259995,138.289993,70200,128.781525
2017-02-10,138.289993,138.529999,137.910004,138.259995,102200,128.753555
2017-02-13,138.610001,138.610001,137.960007,138.300003,98600,128.790817
2017-02-14,138.009995,138.520004,137.490005,138.389999,92000,128.874634
2017-02-15,138.410004,139.710007,138.410004,139.589996,108700,129.992142
2017-02-16,139.539993,140.050003,138.800003,139.520004,81000,129.926941
2017-02-17,139.160004,140.429993,139.160004,140.389999,107600,130.737122
2017-02-21,140.830002,141.919998,140.669998,141.690002,515400,131.947739
2017-02-22,141.630005,141.729996,141.300003,141.589996,109200,131.854599
2017-02-23,141.779999,142.360001,141.570007,141.75,80800,132.003601
2017-02-24,141.610001,142.369995,141.350006,142.279999,110700,132.497177
2017-02-27,142.110001,142.110001,141.380005,141.610001,84900,131.873245
2017-02-28,141.399994,142.149994,141.399994,141.800003,407100,132.050171
2017-03-01,141.979996,142.800003,141.830002,142.460007,88100,132.664764
2017-03-02,142.490005,142.690002,142.210007,142.380005,66200,132.590302
2017-03-03,142.119995,142.210007,141.300003,141.809998,106800,132.059494
2017-03-06,141.419998,141.419998,141.039993,141.25,96300,131.537964
2017-03-07,140.940002,141.279999,140.860001,140.949997,122100,131.258606
2017-03-08,140.759995,140.899994,140.509995,140.639999,59200,130.969925
2017-03-09,140.610001,141.080002,140.589996,140.889999,53800,131.202728
2017-03-10,141.509995,141.669998,141.139999,141.559998,48900,131.82666
2017-03-13,141.539993,141.720001,141.240005,141.580002,62800,131.845276
2017-03-14,141.460007,141.679993,141.160004,141.360001,58800,131.640411
2017-03-15,141.389999,142.789993,141.389999,142.449997,142300,132.655487
2017-03-16,142.320007,142.589996,142.279999,142.529999,93100,132.729965
2017-03-17,142.850006,143.25,142.490005,142.490005,69300,132.692749
2017-03-20,142.509995,142.800003,142.330002,142.559998,77200,132.757904
2017-03-21,142.729996,142.919998,142.25,142.279999,101500,132.497177
2017-03-22,142.369995,142.699997,141.860001,142.190002,99200,132.413361
2017-03-23,142.029999,142.580002,141.729996,141.880005,72300,132.124664
2017-03-24,141.210007,141.210007,140.369995,140.820007,84900,131.912979
2017-03-27,140.300003,140.809998,140.160004,140.639999,71100,131.744339
2017-03-28,140.529999,141.309998,140.350006,141.110001,63700,132.184631
2017-03-29,141.100006,141.479996,140.830002,141.350006,69500,132.409454
2017-03-30,141.350006,141.380005,140.899994,140.960007,92000,132.044098
2017-03-31,140.929993,141.179993,140.639999,140.639999,332600,131.744339
2017-04-03,140.660004,140.990005,140.149994,140.440002,297700,131.556992
2017-04-04,140.5,140.649994,140.139999,140.649994,58600,131.753723
2017-04-05,140.809998,141.350006,140.259995,140.460007,64900,131.575729
2017-04-06,140.509995,140.789993,140.360001,140.520004,62200,131.631943
2017-04-07,140.520004,141.139999,140.5,140.800003,137200,131.894226
2017-04-10,140.990005,141.490005,140.669998,141.240005,66400,132.306412
2017-04-11,141.199997,141.360001,140.889999,141.339996,55900,132.40007
2017-04-12,141.309998,141.929993,141.300003,141.850006,65500,132.877808
2017-04-13,141.820007,141.839996,141.139999,141.190002,117600,132.259537
2017-04-17,141.279999,142.100006,141.279999,142.100006,56500,133.112015
2017-04-18,141.990005,143.179993,141.990005,142.779999,74400,133.748978
2017-04-19,142.990005,143.050003,142.039993,142.229996,77500,133.233765
2017-04-20,141.899994,142.279999,141.619995,141.960007,64600,132.980881
2017-04-21,141.889999,142,141.589996,141.589996,60700,132.634247
2017-04-24,142.289993,143.089996,142.240005,142.880005,73200,133.842636
2017-04-25,142.979996,143.639999,142.979996,143.460007,96800,134.385956
2017-04-26,143.539993,143.539993,142.369995,142.429993,71800,133.421143
2017-04-27,142.449997,142.690002,142.020004,142.210007,55000,133.215057
2017-04-28,142.190002,142.190002,141.539993,142.160004,63900,133.168213
2017-05-01,142.25,142.25,141.440002,141.440002,275500,132.493744
2017-05-02,141.440002,141.520004,140.449997,140.539993,95900,131.650665
2017-05-03,140.559998,140.710007,140.169998,140.550003,54300,131.660034
2017-05-04,140.779999,142.080002,140.779999,141.539993,62900,132.587402
2017-05-05,141.770004,141.940002,141.460007,141.940002,92400,132.962128
2017-05-08,141.919998,141.979996,141.559998,141.850006,53300,132.877808
2017-05-09,142.020004,142.220001,141.130005,141.279999,64600,132.343872
2017-05-10,141.369995,141.589996,141.059998,141.559998,59100,132.60614
2017-05-11,141.429993,141.649994,141.059998,141.619995,65300,132.662338
2017-05-12,141.669998,141.669998,141.199997,141.279999,53500,132.343872
2017-05-15,141.25,141.889999,141.210007,141.850006,72100,132.877808
2017-05-16,142.059998,142.270004,141.479996,141.570007,56500,132.61554
2017-05-17,141.300003,141.75,141.050003,141.25,76300,132.31575
2017-05-18,141.300003,141.610001,140.880005,141.229996,63800,132.297012
2017-05-19,141.350006,142.279999,141.25,142.009995,65000,133.02771
2017-05-22,142.279999,143.119995,142.160004,142.899994,89000,133.861374
2017-05-23,143.100006,143.679993,143.089996,143.160004,83600,134.10495
2017-05-24,143.199997,143.889999,143.119995,143.800003,123900,134.704468
2017-05-25,144.089996,144.960007,144,144.699997,99500,135.547531
2017-05-26,144.809998,145.130005,144.740005,145.100006,80400,135.922241
2017-05-30,144.850006,145.050003,144.509995,144.979996,55200,135.809814
2017-05-31,145.100006,145.710007,145.100006,145.289993,83400,136.10022
2017-06-01,145.429993,146.580002,145.130005,146.539993,204600,137.271164
2017-06-02,146.899994,147.089996,146.339996,146.979996,85600,137.68335
2017-06-05,146.919998,147.119995,146.399994,147.119995,52900,137.814468
2017-06-06,146.919998,146.949997,146.380005,146.589996,60200,137.317978
2017-06-07,146.589996,146.770004,146.320007,146.570007,92900,137.299271
2017-06-08,146.479996,146.479996,145.259995,145.589996,90900,136.381241
2017-06-09,145.589996,145.729996,145.110001,145.529999,81700,136.325012
2017-06-12,145.839996,146.020004,145.199997,145.399994,80800,136.203278
2017-06-13,145.649994,145.800003,144.869995,145.649994,77500,136.437469
2017-06-14,146.259995,146.830002,146.119995,146.559998,86200,137.289886
2017-06-15,145.889999,146.339996,145.320007,146.130005,64200,136.8871
2017-06-16,145.139999,145.139999,143.320007,144.589996,139300,135.444519
2017-06-19,144.860001,145.279999,144,145.25,79700,136.062759
2017-06-20,145.419998,145.419998,144.610001,144.660004,80200,135.510086
2017-06-21,144.770004,144.889999,144.089996,144.160004,49100,135.041702
2017-06-22,144.149994,144.149994,143.270004,143.330002,60400,134.264206
2017-06-23,143.320007,143.779999,143.279999,143.360001,104700,134.292313
2017-06-26,143.690002,144.389999,143.690002,144.050003,75000,134.93866
2017-06-27,143.899994,143.899994,142.720001,142.740005,132800,133.711517
2017-06-28,142.279999,142.860001,142.220001,142.259995,73600,134.237091
2017-06-29,142.199997,142.199997,140.179993,140.610001,117200,132.680145
2017-06-30,141.029999,141.449997,140.970001,141.020004,51400,133.067047
2017-07-03,141.330002,141.669998,140.860001,140.910004,154800,132.963242
2017-07-05,141.339996,141.339996,140.520004,140.600006,90600,132.670731
2017-07-06,140.5,140.550003,139.759995,139.809998,90400,131.925262
2017-07-07,139.970001,140.25,139.509995,139.850006,106600,131.963013
2017-07-10,139.800003,139.800003,138.669998,138.869995,139600,131.038284
2017-07-11,138.699997,138.910004,138.080002,138.399994,108100,130.594788
2017-07-12,139.080002,139.759995,139.080002,139.199997,76200,131.34967
2017-07-13,139.369995,139.539993,139.130005,139.320007,64600,131.462921
2017-07-14,139.660004,140.529999,139.660004,140.289993,57000,132.37822
2017-07-17,140.360001,140.660004,140.160004,140.470001,146900,132.54808
2017-07-18,140.479996,140.720001,140.300003,140.509995,125600,132.585785
2017-07-19,140.580002,141.089996,140.399994,141.070007,109500,133.114227
2017-07-20,141.009995,141.589996,140.800003,141.160004,61100,133.199158
2017-07-21,140.910004,141.539993,140.639999,141.470001,70600,133.491653
2017-07-24,141.460007,141.470001,141,141.110001,240900,133.151962
2017-07-25,141.529999,142.25,141.410004,142.220001,94700,134.199371
2017-07-26,142.139999,142.309998,141.740005,142.009995,73500,134.001205
2017-07-27,141.259995,143.199997,141.259995,143.139999,80900,135.067474
2017-07-28,143.009995,143.259995,140.25,142,115900,133.991776
2017-07-31,141.619995,142.199997,141.5,141.899994,147200,133.8974
2017-08-01,142.139999,142.339996,141.660004,141.699997,191600,133.708679
2017-08-02,141.600006,141.679993,140.940002,141.589996,92800,133.60488899999999
2017-08-03,141.509995,142.119995,141.229996,141.339996,57900,133.368988
2017-08-04,141.589996,141.589996,140.740005,140.940002,62100,132.991562
2017-08-07,140.979996,142.050003,140.979996,141.960007,74100,133.954056
2017-08-08,141.789993,142,141.350006,141.419998,88100,133.444473
2017-08-09,141.270004,141.660004,141.100006,141.570007,142900,133.586014
2017-08-10,141.289993,141.600006,140.5,140.970001,62600,133.019867
2017-08-11,141,141.660004,140.970001,141.119995,400400,133.161407
2017-08-14,141.479996,142.240005,141.479996,141.830002,73600,133.83136
2017-08-15,142.110001,142.649994,141.919998,142.470001,120900,134.435257
2017-08-16,142.580002,143.169998,142.580002,142.889999,78700,134.831589
2017-08-17,142.589996,143.119995,141.559998,141.600006,142100,133.614334
2017-08-18,141.479996,141.570007,140.990005,141.119995,63300,133.161407
2017-08-21,141.160004,141.940002,141.119995,141.679993,168700,133.689804
2017-08-22,141.710007,142.070007,141.589996,141.929993,56200,133.92572
2017-08-23,141.589996,141.770004,141.320007,141.410004,49100,133.435043
2017-08-24,141.490005,141.490005,139.410004,139.559998,117800,131.689377
2017-08-25,139.949997,140.440002,139.880005,139.880005,55600,131.991364
2017-08-28,139.940002,139.990005,139.100006,139.479996,84700,131.613876
2017-08-29,139.300003,140.020004,139.289993,139.919998,62300,132.02908300000001
2017-08-30,139.830002,140.220001,139.75,140.070007,55200,132.170639
2017-08-31,140.070007,140.270004,139.899994,140.160004,40700,132.255554
2017-09-01,140.210007,140.759995,140.210007,140.699997,65300,132.76506
2017-09-05,140.619995,141,140.139999,140.889999,201400,132.944351
2017-09-06,141.080002,141.529999,140.789993,141.350006,66600,133.378448
2017-09-07,141.580002,141.779999,141.190002,141.690002,47700,133.69928
2017-09-08,141.410004,141.410004,140.470001,140.830002,55500,132.887756
2017-09-11,141.119995,141.919998,141.119995,141.720001,74200,133.72757
2017-09-12,141.729996,142.649994,141.690002,141.949997,48300,133.944565
2017-09-13,141.919998,142.589996,141.919998,142.039993,67500,134.02951
2017-09-14,142,142,141.389999,141.740005,88600,133.746429
2017-09-15,141.800003,142.149994,141.5,142.110001,45800,134.095566
2017-09-18,142.110001,142.520004,141.949997,142.270004,53600,134.246536
2017-09-19,142.449997,142.449997,141.679993,141.880005,44200,133.87854
2017-09-20,141.630005,141.639999,140,140.679993,62000,132.746201
2017-09-21,140.619995,140.619995,139.25,139.289993,96500,131.434586
2017-09-22,139.229996,139.580002,138.880005,138.960007,76400,131.123199
2017-09-25,139.110001,140,139.110001,139.929993,116300,132.038513
2017-09-26,140.050003,140.479996,139.820007,140.240005,146000,132.331024
2017-09-27,139.419998,139.429993,137.880005,138.589996,157700,131.497009
2017-09-28,138.520004,138.860001,138.380005,138.649994,68600,131.553925
2017-09-29,138.860001,138.960007,138.470001,138.559998,269700,131.468552
2017-10-02,138.660004,139.050003,138.309998,138.419998,95400,131.335709
2017-10-03,138.460007,138.770004,138.350006,138.449997,146900,131.364182
2017-10-04,138.339996,139.479996,138.020004,139,157600,131.886017
2017-10-05,139.360001,139.880005,139.350006,139.509995,75000,132.369934
2017-10-06,139.020004,139.020004,138.080002,138.300003,74900,131.221848
2017-10-09,138.380005,138.619995,137.539993,137.710007,91100,130.662048
2017-10-10,138.289993,139.270004,138.289993,139.029999,121800,131.914474
2017-10-11,139.039993,139.600006,139.039993,139.199997,84200,132.075775
2017-10-12,139.070007,139.970001,139.039993,139.830002,188900,132.673538
2017-10-13,140.139999,140.449997,140.059998,140.119995,98400,132.9487
2017-10-16,140.020004,140.279999,139.979996,140.210007,83000,133.034103
2017-10-17,139.889999,139.949997,139.300003,139.589996,68200,132.445847
2017-10-18,139.520004,139.679993,139.179993,139.429993,72100,132.294006
2017-10-19,139,139,138.369995,138.710007,78800,131.61087
2017-10-20,138.580002,138.580002,138.100006,138.520004,107600,131.430603
2017-10-23,138.75,139.050003,138.210007,138.330002,94600,131.250305
2017-10-24,138.320007,138.419998,137.75,137.869995,252600,130.813858
2017-10-25,137.789993,138.029999,136.699997,137.5,109500,130.462814
2017-10-26,138,138.580002,137.619995,137.619995,94000,130.57666
2017-10-27,137.220001,137.220001,136.279999,136.649994,145600,129.656296
2017-10-30,137.220001,137.220001,135.300003,135.320007,108400,128.394394
2017-10-31,135.940002,136.779999,135.940002,136.520004,112900,129.532944
2017-11-01,136.990005,137.389999,135.970001,136.899994,115800,129.893494
2017-11-02,136.770004,136.979996,136.110001,136.5,114600,129.513962
2017-11-03,136.410004,136.899994,136.339996,136.389999,100100,129.409607
2017-11-06,136.149994,136.149994,134.979996,135.039993,129200,128.128723
2017-11-07,134.979996,136.199997,134.839996,136.190002,244900,129.219818
2017-11-08,136.429993,137.699997,136.410004,137.660004,85500,130.614609
2017-11-09,137.360001,138.050003,137,137.610001,436600,130.567169
2017-11-10,137.399994,139.089996,137.399994,138.979996,69200,131.86705
2017-11-13,138.929993,140.229996,138.929993,139.630005,80700,132.483795
2017-11-14,139.449997,140.25,139.169998,140.149994,67800,132.977158
2017-11-15,139.869995,139.919998,138.660004,138.720001,84200,131.620361
2017-11-16,139.720001,141.220001,139.720001,140.789993,138800,133.584396
2017-11-17,140.410004,140.960007,140.029999,140.460007,55100,133.271332
2017-11-20,140.279999,140.770004,140.270004,140.460007,48800,133.271332
2017-11-21,140.619995,141.389999,140.5,140.789993,82400,133.584396
2017-11-22,141,141,140.410004,140.679993,58400,133.480026
2017-11-24,140.940002,141.100006,140.600006,140.600006,30600,133.40416
2017-11-27,140.600006,140.940002,140.539993,140.710007,124500,133.508514
2017-11-28,140.869995,141.970001,140.75,141.949997,90200,134.685013
2017-11-29,141.919998,143.320007,141.919998,142.830002,87500,135.52002
2017-11-30,143.380005,144.490005,143.039993,144.130005,79300,136.753464
2017-12-01,143.610001,144.440002,142.339996,144.350006,95700,136.962219
2017-12-04,144.880005,145.869995,144.360001,145.800003,186200,138.338013
2017-12-05,145.860001,146.089996,145,145.429993,248300,137.986938
2017-12-06,145.440002,146.220001,145.440002,146.210007,79200,138.72702
2017-12-07,145.139999,145.949997,144.919998,144.949997,88200,137.531509
2017-12-08,145.020004,145.350006,144.5,145.350006,73700,137.911041
2017-12-11,145.039993,145.289993,144.520004,145.229996,82200,137.79718
2017-12-12,145.300003,145.710007,144.860001,145.070007,56300,137.645355
2017-12-13,145.240005,146.169998,145.240005,145.779999,96400,138.319016
2017-12-14,144.75,144.929993,144.220001,144.259995,78100,137.856522
2017-12-15,145.089996,145.979996,145.089996,145.699997,328800,139.232574
2017-12-18,146.199997,146.940002,145.809998,145.899994,157000,139.423721
2017-12-19,146.630005,146.669998,145.979996,145.979996,114700,139.500168
2017-12-20,146.149994,146.270004,144.960007,145.809998,146700,139.337692
2017-12-21,146.25,146.369995,145.649994,145.779999,69800,139.309036
2017-12-22,146.229996,146.229996,145.899994,146.059998,71100,139.57663
2017-12-26,146.020004,146.669998,146.020004,146.309998,52000,139.815506
2017-12-27,146.470001,146.770004,146.070007,146.190002,55400,139.700851
2017-12-28,146.5,146.5,145.779999,146.119995,84700,139.633942
2017-12-29,146.149994,146.820007,146.039993,146.039993,61800,139.55751
2018-01-02,146.160004,146.320007,145.270004,145.320007,183400,138.869461
2018-01-03,145.419998,145.699997,145.149994,145.169998,110700,138.72612
2018-01-04,145.419998,146.25,145.389999,145.639999,336000,139.175262
2018-01-05,145.979996,146.220001,145.490005,146.130005,113700,139.643524
2018-01-08,146.160004,146.610001,146.009995,146.570007,110500,140.06398
2018-01-09,146.639999,146.850006,146.279999,146.360001,162800,139.863297
2018-01-10,145.949997,145.949997,144.649994,145.449997,128600,138.993713
2018-01-11,145.759995,145.839996,145.259995,145.5,137500,139.041458
2018-01-12,145.880005,146.199997,145.289993,145.479996,101300,139.022354
2018-01-16,146,146.779999,145.899994,146.169998,157400,139.681732
2018-01-17,146.699997,148.380005,146.699997,147.860001,132900,141.296722
2018-01-18,147.770004,147.979996,147.050003,147.330002,89100,140.790237
2018-01-19,147.850006,149.080002,147.850006,149.080002,72600,142.46257
2018-01-22,149.080002,150.210007,149.009995,150.210007,113700,143.542419
2018-01-23,149.770004,150.039993,149.080002,149.800003,151400,143.150589
2018-01-24,150.190002,150.199997,149.399994,150,78200,143.341721
2018-01-25,150.360001,150.779999,149.5,150.089996,72100,143.427734
2018-01-26,150,150.850006,149.669998,150.850006,119900,144.154007
2018-01-29,151.119995,151.289993,150.119995,150.119995,139200,143.45639
2018-01-30,149.309998,150.169998,148.809998,149.160004,125100,142.539001
2018-01-31,149.380005,149.639999,147.949997,148.539993,201800,141.946533
2018-02-01,147.919998,148.639999,147.5,147.889999,119400,141.325394
2018-02-02,147.25,147.410004,144.949997,144.970001,124300,138.535004
2018-02-05,144.449997,145,139.830002,139.889999,206300,133.680496
2018-02-06,137.720001,141.619995,136.729996,141.300003,261500,135.027924
2018-02-07,141.169998,143.169998,140.740005,140.740005,124000,134.492767
2018-02-08,141.119995,141.399994,137.789993,137.789993,146700,131.673706
2018-02-09,138.880005,139.089996,135.470001,138.089996,217900,131.960403
2018-02-12,138.899994,140.119995,138.539993,139.429993,125900,133.240891
2018-02-13,139,140.380005,138.979996,139.979996,77800,133.766495
2018-02-14,139.440002,140.520004,138.729996,140.089996,93700,133.871613
2018-02-15,140.690002,142.220001,140.039993,142.220001,98400,135.907059
2018-02-16,142.339996,143.559998,141.800003,143,87800,136.652435
2018-02-20,141.639999,141.639999,139.690002,139.889999,101800,133.680496
2018-02-21,140.110001,140.449997,138.160004,138.160004,123000,132.027283
2018-02-22,138.479996,139.5,138.229996,138.460007,73800,132.313965
2018-02-23,138.639999,139.830002,138.369995,139.830002,232500,133.623169
2018-02-26,140.130005,140.789993,139.690002,140.699997,96000,134.454559
2018-02-27,140.880005,141.050003,138.869995,138.869995,88400,132.70578
2018-02-28,139.419998,139.600006,137.490005,137.490005,78900,131.387024
2018-03-01,136.970001,138.419998,136.050003,137.160004,225900,131.071655
2018-03-02,136.300003,138.639999,136.300003,138.369995,102200,132.227982
2018-03-05,137.869995,139.839996,137.869995,139.740005,68500,133.53714
2018-03-06,139.820007,139.899994,138.759995,139.850006,1269300,133.642273
2018-03-07,138.610001,139.169998,138.080002,138.699997,87900,132.543304
2018-03-08,138.830002,139.830002,138.729996,139.809998,65600,133.604034
2018-03-09,140.330002,140.720001,139.759995,140.720001,75600,134.473663
2018-03-12,140.860001,141.529999,140.350006,140.570007,93300,134.330307
2018-03-13,141.059998,141.210007,140.259995,140.399994,69300,134.167831
2018-03-14,140.770004,140.770004,138.770004,139,64500,132.830002
2018-03-15,138.979996,139.369995,137.610001,137.949997,118900,131.826599
2018-03-16,137.419998,138.179993,137.419998,137.619995,82100,132.024216
2018-03-19,137.270004,137.669998,135.869995,136.300003,151900,130.757919
2018-03-20,136.429993,136.820007,135.529999,135.880005,77800,130.354996
2018-03-21,135.509995,135.740005,134.110001,134.389999,204100,128.925583
2018-03-22,134.009995,134.929993,133.139999,133.149994,146400,127.735985
2018-03-23,133.5,134.130005,131.460007,131.559998,251100,126.21064
2018-03-26,132.639999,133.520004,132.130005,133.369995,423900,127.947037
2018-03-27,133.630005,134.660004,132.800003,133.320007,96800,127.899078
2018-03-28,133.610001,135.660004,133.600006,135.059998,189900,129.568329
2018-03-29,135.720001,136.869995,135.589996,136.119995,146100,130.58522
2018-04-02,135.770004,135.770004,132.270004,132.770004,127800,127.371422
2018-04-03,133.559998,134.949997,133.089996,134.600006,118900,129.127014
2018-04-04,133.589996,137.179993,133.589996,136.679993,137700,131.122452
2018-04-05,137.119995,137.550003,136.309998,137.100006,99400,131.525391
2018-04-06,136.330002,137.75,135.169998,135.740005,89400,130.220657
2018-04-09,135.889999,137,135.289993,135.589996,77400,130.076767
2018-04-10,136.389999,136.589996,135.300003,136.080002,104200,130.546844
2018-04-11,135.460007,136.410004,135.130005,135.800003,77300,130.278229
2018-04-12,136.320007,136.690002,135.580002,135.580002,72100,130.067169
2018-04-13,136.020004,136.419998,135.559998,136.119995,76800,130.58522
2018-04-16,136.369995,138.429993,136.369995,137.669998,140600,132.072189
2018-04-17,137.880005,138.600006,137.350006,138.039993,109400,132.427124
2018-04-18,138.139999,138.220001,136.899994,137.080002,71600,131.506195
2018-04-19,135.380005,136.029999,132.729996,133.339996,109800,127.918259
2018-04-20,133.169998,133.399994,130.970001,131.240005,194000,125.903656
2018-04-23,131.220001,131.389999,130.550003,131.020004,139600,125.692574
2018-04-24,131.350006,131.350006,129.5,130.350006,140700,125.049828
2018-04-25,130.199997,131.089996,129.899994,130.619995,135300,125.308853
2018-04-26,130.889999,131.779999,130.350006,131.270004,163500,125.932426
2018-04-27,131,132.330002,131,131.929993,73700,126.565605
2018-04-30,132.130005,132.740005,130.869995,131.070007,100500,125.740578
2018-05-01,130.809998,130.809998,129.130005,129.979996,185500,124.694878
2018-05-02,129.830002,129.979996,127.360001,127.639999,142300,122.450012
2018-05-03,127.720001,128.160004,126.779999,127.330002,126800,122.152634
2018-05-04,127.220001,129.899994,127.220001,129.309998,150400,124.052124
2018-05-07,129.479996,129.600006,128.300003,128.610001,106100,123.380577
2018-05-08,128.220001,128.309998,127.519997,128.050003,119700,122.843346
2018-05-09,127.800003,128.600006,127.610001,128.279999,121100,123.064003
2018-05-10,128.789993,129.720001,128.779999,129.119995,150600,123.869843
2018-05-11,129.460007,129.929993,128.779999,129.119995,91400,123.869843
2018-05-14,129.339996,129.509995,128.830002,129,139400,123.75473
2018-05-15,128.440002,129,127.879997,128.619995,166200,123.390175
2018-05-16,128.779999,129.869995,128.779999,129.649994,111300,124.378296
2018-05-17,129.880005,130.259995,129.630005,129.970001,103200,124.685287
2018-05-18,129.850006,129.850006,128.720001,129.210007,158200,123.956192
2018-05-21,129.720001,130.130005,129.5,129.789993,115000,124.512596
2018-05-22,129.919998,130.539993,129.289993,129.440002,112400,124.176834
2018-05-23,129.179993,130.050003,129.039993,129.990005,138600,124.704475
2018-05-24,129.889999,130.080002,129.229996,129.919998,101700,124.637314
2018-05-25,129.789993,130.860001,129.720001,130.100006,81200,124.810005
2018-05-29,129.610001,130.330002,129.300003,129.820007,105300,124.541405
2018-05-30,130.039993,131.869995,129.970001,131.619995,142100,126.268196
2018-05-31,131.240005,131.240005,129.100006,129.610001,238300,124.339928
2018-06-01,129.729996,130.169998,129.330002,129.639999,84300,124.368713
2018-06-04,129.880005,130.839996,129.880005,130.679993,106300,125.366409
2018-06-05,130.839996,131,129.860001,130.229996,103200,124.9347
2018-06-06,130.270004,130.289993,129.449997,130.289993,98700,124.992256
2018-06-07,130.050003,131.639999,129.839996,130.970001,92300,125.64463
2018-06-08,131.110001,132.630005,131.110001,132.630005,129600,127.237129
2018-06-11,132.539993,133.899994,132.539993,133.630005,125400,128.196472
2018-06-12,133.649994,133.940002,133.070007,133.919998,86400,128.474686
2018-06-13,133.919998,134.059998,133.139999,133.440002,112800,128.014191
2018-06-14,133.800003,134,133.389999,133.789993,112800,128.349945
2018-06-15,133.720001,135.5,133.720001,135.460007,136800,129.952072
2018-06-18,134.759995,134.759995,133.089996,133.729996,203700,128.29238899999999
2018-06-19,133.149994,134.589996,133.149994,134.429993,155600,128.963928
2018-06-20,134.770004,134.830002,134.020004,134.600006,137900,129.127014
2018-06-21,134.639999,135.210007,134.5,134.830002,739500,129.347672
2018-06-22,135.080002,136.059998,135.080002,135.860001,215300,130.335815
2018-06-25,135.520004,136.600006,135.520004,136.440002,161900,130.892197
2018-06-26,136.5,136.820007,135.369995,136.059998,228900,130.527649
2018-06-27,135.910004,136.889999,135.220001,135.429993,174600,129.923294
2018-06-28,134.029999,134.639999,133.449997,134.389999,116300,130.123718
2018-06-29,134.309998,135,133.860001,134.270004,103200,130.007523
2018-07-02,133.759995,134.179993,132.729996,133.619995,113300,129.378143
2018-07-03,134.169998,134.600006,133.740005,133.860001,152300,129.610535
2018-07-05,134.529999,135.830002,133.970001,135.830002,130900,131.518005
2018-07-06,135.860001,136.740005,135.740005,136.229996,89800,131.905289
2018-07-09,136.289993,136.389999,135.570007,135.600006,91300,131.295288
2018-07-10,136.039993,137.160004,135.809998,137.059998,91200,132.708939
2018-07-11,136.869995,137.029999,136.270004,136.559998,78400,132.224808
2018-07-12,137.050003,137.130005,136.050003,136.509995,125400,132.176407
2018-07-13,136.440002,137.330002,136.440002,137.139999,77800,132.786423
2018-07-16,137.029999,137.050003,136.130005,136.429993,79500,132.098938
2018-07-17,136.580002,137.75,136.580002,137.559998,72800,133.193085
2018-07-18,137.440002,137.660004,136.429993,136.619995,105200,132.282913
2018-07-19,136,137.149994,135.5,136.619995,100300,132.282913
2018-07-20,136.320007,137.419998,136.320007,137.380005,80600,133.018799
2018-07-23,137.100006,137.449997,136.199997,136.580002,74400,132.244186
2018-07-24,136.460007,136.960007,136.110001,136.639999,88400,132.302292
2018-07-25,136.820007,137.830002,136.660004,137.630005,174400,133.260849
2018-07-26,138.070007,139.570007,138.070007,138.529999,104700,134.132294
2018-07-27,138.470001,139.110001,138.25,138.5,108000,134.103241
2018-07-30,138.059998,138.630005,137.800003,138.25,79500,133.86116
2018-07-31,138.529999,139.300003,137.979996,138.899994,80300,134.49054
2018-08-01,138.5,138.5,137.470001,137.529999,103100,133.164032
2018-08-02,137.470001,139.350006,137.470001,139.259995,66300,134.839111
2018-08-03,139.5,141.639999,139.460007,141.080002,201600,136.601318
2018-08-06,141.080002,141.619995,140.919998,141.070007,97300,136.59166
2018-08-07,141.080002,141.619995,139.960007,140.350006,89300,135.894516
2018-08-08,140.300003,140.300003,139.369995,139.399994,73100,134.97464
2018-08-09,139.470001,139.470001,138.800003,138.940002,69500,134.529266
2018-08-10,138.490005,138.990005,138.149994,138.410004,80700,134.016083
2018-08-13,138.509995,138.809998,137.809998,138.350006,101000,133.958008
2018-08-14,138.490005,139.440002,138.410004,139.289993,145200,134.868149
2018-08-15,138.979996,139.869995,138.220001,139.789993,100000,135.352264
2018-08-16,141.179993,142.080002,140.990005,141.740005,79900,137.240372
2018-08-17,141.539993,142.899994,141.539993,142.800003,128100,138.266724
2018-08-20,142.940002,143.399994,142.679993,142.830002,102700,138.295792
2018-08-21,142.919998,142.919998,141.380005,141.839996,123300,137.337189
2018-08-22,141.759995,141.759995,140.940002,141.050003,82900,136.572266
2018-08-23,140.869995,141.110001,140.429993,140.759995,61800,136.291504
2018-08-24,140.690002,141.089996,140.320007,140.660004,71200,136.194656
2018-08-27,140.970001,141.289993,140.300003,140.669998,217600,136.204346
2018-08-28,140.679993,141.039993,140.059998,140.25,88500,135.797684
2018-08-29,140.240005,140.570007,140.070007,140.309998,390500,135.855774
2018-08-30,140.110001,140.529999,139.690002,139.919998,83600,135.478165
2018-08-31,139.919998,140.350006,139.440002,140.050003,54900,135.604019
2018-09-04,139.830002,140.460007,139.539993,139.740005,84200,135.303864
2018-09-05,139.559998,141.330002,139.449997,141.229996,155900,136.746567
2018-09-06,141.229996,141.779999,140.880005,141.710007,140100,137.211334
2018-09-07,141.070007,141.479996,140.5,141.320007,118000,136.83371
2018-09-10,141.600006,142.660004,141.600006,141.820007,83300,137.317841
2018-09-11,141.690002,141.830002,141.149994,141.479996,68800,136.988617
2018-09-12,141.440002,143.240005,141.419998,143.070007,158600,138.528168
2018-09-13,143,143,142.139999,142.740005,79300,138.208618
2018-09-14,142.429993,142.610001,141.800003,142.389999,76200,137.86972
2018-09-17,142.360001,142.850006,142.070007,142.850006,812100,138.315155
2018-09-18,142.850006,143.309998,141.820007,142.220001,89200,137.705139
2018-09-19,142.149994,142.589996,141.679993,141.830002,69100,137.32753
2018-09-20,142.259995,143.509995,142.259995,143.389999,115700,138.837982
2018-09-21,143.710007,143.949997,143.5,143.649994,113100,139.089722
2018-09-24,142.570007,142.740005,140.770004,140.960007,93700,137.269684
2018-09-25,141.259995,141.259995,140.009995,140.029999,84100,136.363998
2018-09-26,140.419998,141.130005,140.050003,140.179993,103900,136.510071
2018-09-27,139.899994,140.789993,139.339996,139.860001,101300,136.198471
2018-09-28,139.899994,140.350006,139.789993,140.119995,80700,136.45166
2018-10-01,140.350006,140.600006,139.789993,139.880005,84200,136.217941
2018-10-02,139.869995,141,139.860001,140.679993,76700,136.996994
2018-10-03,141.070007,141.110001,139.130005,139.309998,108200,135.662872
2018-10-04,138.910004,139.100006,137.960007,138.899994,146500,135.263596
2018-10-05,138.559998,139.300003,137.970001,138.690002,90300,135.059097
2018-10-08,138.619995,140.679993,138.619995,140.5,168700,136.821701
2018-10-09,140.639999,140.759995,139.910004,140.149994,93000,136.480881
2018-10-10,139.880005,140.570007,138.130005,138.279999,193500,134.659836
2018-10-11,138.139999,138.440002,134.779999,135.020004,231300,131.485184
2018-10-12,135.800003,136.169998,134.669998,135.880005,137400,132.322678
2018-10-15,135.740005,137.639999,135.740005,136.660004,163300,133.08223
2018-10-16,137.139999,138.490005,136.710007,138.309998,315000,134.689026
2018-10-17,138.119995,139.25,137.679993,138.979996,85700,135.341492
2018-10-18,138.970001,140.160004,138.220001,138.610001,128800,134.981186
2018-10-19,140.199997,141.919998,140.199997,141.619995,144500,137.912384
2018-10-22,141.669998,141.929993,140.25,140.690002,113100,137.006744
2018-10-23,140,141.490005,139.25,141.039993,233800,137.34758
2018-10-24,141.190002,143.5,141.190002,141.600006,129600,137.892914
2018-10-25,141.399994,142.460007,140.169998,141.779999,185100,138.068192
2018-10-26,140.880005,141.309998,138.669998,139.479996,168700,135.828415
2018-10-29,140.330002,141.919998,139.630005,140.960007,140300,137.269684
2018-10-30,141.619995,143.889999,141.509995,143.789993,434800,140.025574
2018-10-31,143.869995,143.869995,141.380005,142.5,176300,138.769348
2018-11-01,142.630005,143.720001,142.199997,143.190002,225000,139.441284
2018-11-02,143.369995,143.410004,141.419998,142.830002,165700,139.090714
2018-11-05,142.850006,144.669998,142.740005,144.490005,120700,140.707245
2018-11-06,144.220001,145.419998,144.020004,145.289993,210100,141.486298
2018-11-07,145.809998,146.089996,144.570007,146,339700,142.177719
2018-11-08,145.559998,146.229996,145.380005,146.050003,166400,142.22641
2018-11-09,145.860001,147.139999,145.860001,146.820007,113800,142.976273
2018-11-12,146.460007,147.149994,145.770004,146.050003,115800,142.22641
2018-11-13,146.059998,146.479996,144.990005,145.380005,194100,141.573944
2018-11-14,145.889999,145.889999,143.949997,144.639999,168800,140.853317
2018-11-15,144.339996,144.339996,143.080002,144.289993,330100,140.512482
2018-11-16,144.160004,145.25,143.850006,144.710007,123600,140.921494
2018-11-19,144.649994,145.429993,143.800003,144.339996,285700,140.561172
2018-11-20,143.889999,144.369995,141.690002,142.009995,453400,138.292175
2018-11-21,142.050003,142.339996,140.779999,140.949997,245500,137.259918
2018-11-23,140.710007,142.050003,140.520004,141.440002,86200,137.737106
2018-11-26,142,142.330002,141,141.520004,192000,137.815002
2018-11-27,141.5,142.770004,141.350006,142.649994,309600,138.915421
2018-11-28,142.779999,143.960007,142.259995,143.960007,124600,140.191147
2018-11-29,143.720001,144.630005,143.690002,144.119995,139900,140.346924
2018-11-30,144.149994,145.270004,143.75,145.270004,117600,141.466827
2018-12-03,145.479996,145.5,143.720001,145.259995,142900,141.457077
2018-12-04,145.320007,145.699997,142.520004,142.649994,153300,138.915421
2018-12-06,142.240005,142.75,139.679993,142.75,188800,139.012817
2018-12-07,142.729996,143.070007,140.300003,140.910004,134000,137.220978
2018-12-10,141.389999,141.389999,138.75,140.910004,136000,137.220978
2018-12-11,141.850006,142.979996,141.240005,142.100006,198900,138.379837
2018-12-12,143.039993,143.080002,141.970001,142,228100,138.28244
2018-12-13,141.089996,142.070007,140.899994,141.729996,100800,139.041763
2018-12-14,140.850006,140.850006,139,139.339996,238900,136.697083
2018-12-17,138.949997,139.160004,135.169998,135.970001,1570300,133.391006
2018-12-18,136.399994,136.710007,133.830002,134.580002,416000,132.027374
2018-12-19,135.050003,135.910004,132.690002,133.25,325300,130.72261
2018-12-20,132.820007,132.929993,129.690002,130.990005,529000,128.505478
2018-12-21,130.919998,133.570007,129.460007,129.470001,487200,127.014305
2018-12-24,128.919998,129.279999,125.779999,125.779999,612700,123.394279
2018-12-26,126.07,129.380005,124.93,129.350006,436500,126.896584
2018-12-27,128.660004,130.720001,126.769997,130.630005,985400,128.152298
2018-12-28,131.559998,132.080002,130.190002,130.580002,403400,128.103241
2018-12-31,130.979996,131.220001,129.949997,131.169998,311200,128.682053
2019-01-02,130.100006,130.940002,129.279999,130.679993,214500,128.20134
2019-01-03,130.220001,131.550003,129.600006,129.740005,192000,127.279182
2019-01-04,130.699997,132.600006,130.479996,132.529999,180400,130.016251
2019-01-07,132.529999,133.339996,131.300003,132.410004,193900,129.898544
2019-01-08,133.380005,133.889999,132.610001,133.669998,209800,131.134628
2019-01-09,133.639999,133.740005,132.369995,132.529999,134200,130.016251
2019-01-10,132.279999,133.520004,131.949997,133.309998,284000,130.781464
2019-01-11,133.259995,133.759995,133,133.759995,114300,131.222931
2019-01-14,133.399994,133.800003,132.940002,133.110001,109500,130.585266
2019-01-15,133.110001,134.460007,132.970001,134.350006,198700,131.801743
2019-01-16,134.449997,134.449997,133.259995,133.809998,807900,131.271973
2019-01-17,133.600006,134.690002,133.600006,134.539993,185900,131.988113
2019-01-18,135.059998,136.5,135.050003,136.100006,262100,133.518555
2019-01-22,135.639999,135.779999,133.789993,134.800003,347200,132.24321
2019-01-23,135.789993,136.630005,135.160004,136.220001,130000,133.636276
2019-01-24,135.550003,135.550003,133.740005,134.509995,154700,131.95871
2019-01-25,134.940002,135.550003,134,134.210007,181800,131.664413
2019-01-28,133.820007,134.729996,133.339996,134.679993,219300,132.125488
2019-01-29,135.020004,135.320007,134.509995,135.039993,404900,132.478638
2019-01-30,135.160004,136.149994,134.910004,135.800003,161000,133.224228
2019-01-31,135.770004,138.669998,135.610001,138.300003,225800,135.676834
2019-02-01,138.399994,138.460007,137.369995,137.830002,145900,135.215729
2019-02-04,137.889999,138.75,137.610001,138.699997,93500,136.069244
2019-02-05,138.839996,139.110001,138.490005,138.710007,90400,136.079041
2019-02-06,138.5,138.979996,138.360001,138.809998,93400,136.177139
2019-02-07,138.229996,138.639999,137.619995,138.539993,77600,135.912262
2019-02-08,138.300003,139.279999,137.820007,139.279999,88100,136.638214
2019-02-11,139.289993,139.759995,139.100006,139.679993,112800,137.03064
2019-02-12,140.009995,141.160004,139.919998,140.759995,129000,138.090164
2019-02-13,140.919998,141.389999,140.779999,141.210007,87300,138.531631
2019-02-14,139.869995,140.220001,138.899994,139.630005,128100,136.981598
2019-02-15,140.539993,141.100006,140.539993,140.880005,161900,138.207886
2019-02-19,141.259995,142.050003,141,141.570007,432000,138.884796
2019-02-20,141.470001,141.910004,141.070007,141.479996,1169600,138.796494
2019-02-21,141.229996,142.149994,140.800003,141.860001,407200,139.169296
2019-02-22,140.729996,141.399994,140.5,141.389999,150700,138.708221
2019-02-25,141.820007,142,140.5,140.610001,109500,137.943008
2019-02-26,140.690002,141.270004,140.440002,140.660004,137000,137.99205
2019-02-27,140.399994,140.639999,139.949997,140.520004,85600,137.854721
2019-02-28,140.820007,141.679993,140.580002,141.110001,136600,138.433517
2019-03-01,141.669998,141.669998,140.059998,140.960007,163300,138.286377
2019-03-04,141.309998,141.399994,139.679993,140.679993,94300,138.011673
2019-03-05,140.679993,141.119995,140.410004,140.679993,145700,138.011673
2019-03-06,140.600006,140.830002,139.839996,140.339996,81600,137.678116
2019-03-07,140.029999,140.240005,139.210007,139.559998,127100,136.912918
2019-03-08,139.639999,139.919998,138.990005,139.580002,84200,136.932541
2019-03-11,139.830002,141.5,139.830002,141.470001,97200,138.786697
2019-03-12,141.449997,142.009995,141.199997,141.369995,82000,138.688583
2019-03-13,141.630005,142.649994,141.600006,142.25,80000,139.551895
2019-03-14,142.229996,142.389999,141.869995,142.020004,69600,139.326263
2019-03-15,142.220001,143.240005,142.220001,142.740005,103200,140.032608
2019-03-18,142.809998,143.350006,142.729996,143.160004,99000,140.444656
2019-03-19,143.309998,143.690002,142.449997,142.889999,79600,140.179764
2019-03-20,142.850006,143.050003,141.809998,142.149994,1195600,139.453781
2019-03-21,141.25,143.350006,141.149994,143.130005,105600,141.15799
2019-03-22,142.970001,143.820007,142.690002,142.729996,119300,140.763504
2019-03-25,142.660004,143.350006,142.160004,143.080002,124200,141.108673
2019-03-26,143.669998,144.690002,143.669998,144.270004,139800,142.282288
2019-03-27,144.259995,144.369995,142.940002,143.690002,131300,141.710266
2019-03-28,143.839996,144.669998,143.839996,144.259995,93400,142.272415
2019-03-29,144.580002,145.320007,144.240005,145.210007,95700,143.209335
2019-04-01,145.559998,145.559998,144.600006,144.869995,129300,142.874008
2019-04-02,144.559998,144.619995,143.610001,143.610001,137100,141.631378
2019-04-03,143.440002,143.639999,142.440002,142.820007,479100,140.852264
2019-04-04,142.929993,143.619995,142.850006,143.440002,90200,141.46373
2019-04-05,143.649994,143.979996,143.300003,143.869995,76800,141.887802
2019-04-08,143.830002,144.440002,143.770004,144.399994,73000,142.410492
2019-04-09,144.169998,144.320007,143.720001,144.190002,74300,142.203384
2019-04-10,144.259995,144.820007,144.229996,144.710007,64000,142.716217
2019-04-11,144.970001,145,144.429993,144.850006,88600,142.854294
2019-04-12,145.229996,145.429993,144.690002,145.25,61900,143.248779
2019-04-15,145.229996,146.279999,145.229996,146.210007,65700,144.195572
2019-04-16,146.470001,146.669998,145.679993,146.160004,71800,144.14624
2019-04-17,146.789993,147,146.25,146.800003,96800,144.777435
2019-04-18,147.259995,147.649994,146.160004,146.740005,98300,144.718262
2019-04-22,146.570007,147.440002,146.339996,146.580002,140100,144.560455
2019-04-23,146.619995,146.880005,146.080002,146.639999,511700,144.619629
2019-04-24,146.660004,147.320007,146.490005,146.860001,129800,144.836609
2019-04-25,146.089996,146.089996,145.429993,145.740005,170900,143.73204
2019-04-26,145.800003,147.050003,145.789993,147.050003,134800,145.023987
2019-04-29,147.029999,147.369995,146.910004,147.330002,57900,145.30014
2019-04-30,147.339996,149.100006,147.300003,148.889999,132800,146.838638
2019-05-01,149.160004,149.160004,147.300003,147.300003,141700,145.270538
2019-05-02,147.130005,147.690002,146.389999,147.169998,69000,145.142319
2019-05-03,147.809998,148.389999,147.600006,148.160004,95900,146.118698
2019-05-06,146.910004,148.130005,146.910004,147.910004,205300,145.872131
2019-05-07,147.240005,147.440002,145.639999,146.520004,152400,144.501282
2019-05-08,146.119995,147.080002,145.759995,146.320007,154600,144.304047
2019-05-09,145.770004,146.410004,144.880005,146.020004,199000,144.008179
2019-05-10,145.690002,147.949997,145,147.740005,87800,145.704468
2019-05-13,146.330002,146.550003,145.770004,146.360001,130400,144.343491
2019-05-14,146.699997,147.960007,146.699997,147,118200,144.97467
2019-05-15,146.699997,148.380005,146.639999,148.039993,181100,146.000336
2019-05-16,148.679993,150.059998,148.679993,149.220001,90800,147.164093
2019-05-17,148.419998,149.589996,148.419998,148.789993,62000,146.740005
2019-05-20,148.449997,149.160004,148.210007,148.419998,116300,146.375107
2019-05-21,148.880005,148.880005,147.820007,148.070007,66900,146.029938
2019-05-22,148,148.940002,147.869995,148.660004,64300,146.611801
2019-05-23,148.199997,148.529999,147.619995,148.529999,179400,146.483597
2019-05-24,148.740005,148.740005,147.419998,147.960007,108700,145.921463
2019-05-28,147.979996,148.190002,145.350006,145.350006,81000,143.347412
2019-05-29,144.75,144.770004,143.679993,144.259995,138400,142.272415
2019-05-30,144.410004,145.169998,144.130005,144.720001,82600,142.726089
2019-05-31,143.669998,143.699997,142.380005,142.660004,99700,140.694473
2019-06-03,142.759995,144.630005,142.720001,144.5,186100,142.509125
2019-06-04,145.279999,145.779999,144.910004,145.779999,178200,143.771484
2019-06-05,146.389999,147.410004,145.949997,147.270004,104300,145.240952
2019-06-06,147.529999,148.880005,147.289993,148.600006,131800,146.552628
2019-06-07,149.119995,150.589996,149.119995,149.929993,91600,147.864304
2019-06-10,150.289993,150.289993,149.669998,149.979996,90500,147.913605
2019-06-11,150.580002,151.050003,150.380005,150.729996,64000,148.653275
2019-06-12,150.779999,151.619995,150.690002,150.779999,50000,148.702591
2019-06-13,151.240005,151.639999,150.520004,151.179993,161400,149.097076
2019-06-14,151.220001,151.580002,151.070007,151.240005,161400,149.15625
2019-06-17,151.289993,151.300003,150.149994,150.820007,64100,148.74205
2019-06-18,151.570007,151.570007,149.899994,150.059998,71400,147.992508
2019-06-19,149.940002,150.75,149.190002,150.470001,231300,148.396866
2019-06-20,151.160004,151.910004,150.940002,151.740005,109900,149.649368
2019-06-21,150.490005,150.75,150,150.139999,74300,149.093262
2019-06-24,150.490005,151.059998,150.300003,150.369995,127800,149.321655
2019-06-25,150.5,150.669998,150,150.360001,89400,149.311737
2019-06-26,149.979996,149.979996,148.270004,148.350006,118300,147.31575
2019-06-27,148.520004,148.809998,147.839996,148.619995,86000,147.583862
2019-06-28,149.490005,149.5,148.509995,148.759995,81400,147.722885
2019-07-01,149.520004,149.979996,148.759995,149.5,86300,148.457733
2019-07-02,149.509995,150.570007,149.509995,150.570007,107500,149.520279
2019-07-03,150.970001,152.710007,150.970001,152.509995,168500,151.446732
2019-07-05,151.770004,152.119995,150.699997,152,147900,150.940292
2019-07-08,151.919998,152.410004,151.779999,152.160004,78600,151.099182
2019-07-09,151.830002,151.850006,150.740005,151.360001,88400,150.304764
2019-07-10,151.820007,152.580002,151.820007,152.320007,84400,151.258072
2019-07-11,152.490005,152.639999,151.759995,152.429993,91700,151.367294
2019-07-12,152.610001,153.289993,152.580002,152.970001,79900,151.903534
2019-07-15,153.25,153.509995,152.899994,153.199997,84000,152.131927
2019-07-16,153.240005,153.860001,152.839996,153.289993,390300,152.221298
2019-07-17,153.220001,153.429993,152.669998,153.029999,120200,151.96312
2019-07-18,153.270004,154.619995,152.979996,154.240005,78500,153.164688
2019-07-19,154.660004,154.880005,153.320007,153.369995,69900,152.300735
2019-07-22,153.559998,153.559998,152.300003,152.440002,92500,151.377228
2019-07-23,153.630005,153.839996,152.990005,153.440002,61900,152.37027
2019-07-24,153.259995,153.320007,152.339996,152.619995,72300,151.555969
2019-07-25,152.229996,152.949997,152,152.5,60400,151.436813
2019-07-26,152.960007,154.460007,152.75,154.330002,58700,153.254059
2019-07-29,154.419998,154.970001,154.25,154.630005,91800,153.551971
2019-07-30,155.059998,155.830002,154.759995,155.080002,58100,153.998825
2019-07-31,154.850006,154.850006,150.809998,152.270004,117900,151.20842
2019-08-01,152.639999,154.369995,151.550003,151.550003,120100,150.493439
2019-08-02,151.520004,152.320007,151,151.559998,123200,150.503357
2019-08-05,150.559998,150.720001,146.75,147.600006,235800,146.570984
2019-08-06,148.169998,149.440002,147.690002,148.949997,164000,147.91156
2019-08-07,148.259995,151.139999,146.910004,150.570007,89700,149.520279
2019-08-08,150.529999,152.729996,149.960007,152.539993,68500,151.476532
2019-08-09,152.389999,152.809998,150.809998,151.580002,72300,150.523224
2019-08-12,151.229996,151.610001,150.160004,150.630005,84400,149.579849
2019-08-13,150.360001,153.029999,150.360001,152.289993,98000,151.228271
2019-08-14,151.070007,151.889999,149.720001,149.720001,773500,148.676193
2019-08-15,151.130005,152.389999,150.610001,151.889999,133500,150.83107
2019-08-16,152.520004,154.199997,152.520004,153.679993,89200,152.608582
2019-08-19,154.850006,155.5,154.660004,155.169998,109300,154.088196
2019-08-20,155.160004,155.160004,153.380005,153.410004,114500,152.340469
2019-08-21,154.520004,154.520004,153.580002,154.020004,102300,152.946228
2019-08-22,154.089996,155.089996,153.830002,154.809998,71800,153.730713
2019-08-23,154.419998,155.009995,151.429993,152.270004,247200,151.20842
2019-08-26,153.220001,154.149994,152.690002,153.880005,353500,152.80719
2019-08-27,154.550003,154.759995,152.880005,153.279999,95700,152.21138
2019-08-28,153.039993,154.600006,153.039993,154.529999,128100,153.452652
2019-08-29,155.589996,155.75,154.070007,154.869995,67900,153.790283
2019-08-30,155.330002,155.690002,154.259995,154.699997,83500,153.621475
2019-09-03,154.179993,155.509995,153.800003,155.419998,102800,154.336456
2019-09-04,156.149994,156.940002,155.649994,156.940002,118500,155.845856
2019-09-05,157.520004,157.690002,156.070007,156.160004,105400,155.071304
2019-09-06,156.690002,157.020004,156.410004,156.770004,105500,155.677048
2019-09-09,156.830002,156.889999,156.160004,156.589996,72800,155.498291
2019-09-10,155.990005,155.990005,155.020004,155.75,83000,154.664154
2019-09-11,155.740005,156.630005,155.020004,156.580002,291900,155.488373
2019-09-12,157.460007,157.820007,156.929993,157.179993,213300,156.084183
2019-09-13,156.589996,157.369995,156.110001,156.410004,104200,155.319565
2019-09-16,155.720001,155.889999,154.720001,155.080002,167500,153.998825
2019-09-17,154.910004,156.440002,154.910004,155.649994,87000,154.56485
2019-09-18,155.789993,156.309998,154.550003,155.729996,82700,154.644287
2019-09-19,155.759995,155.899994,155.369995,155.529999,82000,154.445694
2019-09-20,155.869995,156.309998,155.149994,155.149994,62600,154.068329
2019-09-23,155.220001,156.320007,155.220001,155.820007,76000,154.733673
2019-09-24,156.399994,157.240005,155.800003,156.160004,174700,155.071304
2019-09-25,156.880005,157.050003,156.100006,156.490005,143800,155.399002
2019-09-26,155.830002,156.5,155.720001,156.110001,68600,156.110001
2019-09-27,156.410004,156.520004,154.949997,155.800003,75200,155.800003
2019-09-30,156,157.160004,156,156.559998,92000,156.559998
2019-10-01,156.800003,157.009995,155.570007,155.960007,123400,155.960007
2019-10-02,155.25,155.25,152.339996,153.009995,160500,153.009995
2019-10-03,153.539993,154.410004,152.270004,153.880005,109200,153.880005
2019-10-04,154.229996,156.210007,154.229996,156.089996,70900,156.089996
2019-10-07,155.820007,155.979996,154.850006,154.979996,153200,154.979996
2019-10-08,154.539993,154.830002,153.350006,153.360001,303500,153.360001
2019-10-09,154.110001,154.820007,153.889999,154.529999,140100,154.529999
2019-10-10,154.169998,155.169998,153.800003,154.740005,74000,154.740005
2019-10-11,155.369995,155.669998,154.529999,154.759995,100500,154.759995
2019-10-14,155.050003,155.059998,153.960007,154.080002,72100,154.080002
2019-10-15,154.410004,154.410004,153.190002,153.520004,130300,153.520004
2019-10-16,153.470001,153.660004,153.059998,153.5,146400,153.5
2019-10-17,154,154.639999,153.850006,154.339996,73300,154.339996
2019-10-18,154.5,155.059998,154.5,154.529999,67100,154.529999
2019-10-21,154.679993,155.119995,154.389999,155.020004,62700,155.020004
2019-10-22,156.119995,156.270004,155.050003,155.130005,77400,155.130005
2019-10-23,155.130005,155.839996,155,155.830002,98700,155.830002
2019-10-24,156,156.380005,155.429993,156.190002,45700,156.190002
2019-10-25,156.119995,156.119995,155.259995,155.350006,77400,155.350006
2019-10-28,155.429993,156.070007,154.970001,155.309998,80000,155.309998
2019-10-29,155.110001,156.009995,154.75,155.289993,68200,155.289993
2019-10-30,155.399994,156.25,155.149994,156.080002,68300,156.080002
2019-10-31,156.110001,156.509995,154.880005,155.839996,69100,155.839996
2019-11-01,156.229996,156.419998,155.720001,155.949997,191500,155.949997
2019-11-04,156.179993,156.270004,154.199997,154.570007,109200,154.570007
2019-11-05,154.449997,155.470001,153.580002,154.960007,368400,154.960007
2019-11-06,155.25,156.039993,154.929993,155.759995,87500,155.759995
2019-11-07,155.839996,155.850006,155,155.270004,130100,155.270004
2019-11-08,155.089996,155.440002,154.619995,155.139999,64000,155.139999
2019-11-11,155.080002,155.350006,154.589996,154.899994,63100,154.899994
2019-11-12,155.110001,155.220001,154.660004,155.179993,73600,155.179993
2019-11-13,155.429993,156.710007,155.429993,156.520004,64300,156.520004
2019-11-14,157.050003,157.169998,155.860001,156.320007,89000,156.320007
2019-11-15,156.720001,156.990005,155.940002,156.559998,55600,156.559998
2019-11-18,156.479996,157.929993,156.470001,157.190002,91200,157.190002
2019-11-19,157.529999,157.529999,156.800003,157.149994,59300,157.149994
2019-11-20,157.100006,157.75,156.710007,157.25,82300,157.25
2019-11-21,157.050003,157.289993,156.190002,156.470001,236500,156.470001
2019-11-22,156.690002,156.960007,155.720001,156.259995,66600,156.259995
